item_sku_id,attr_cd,attr_value_cd
988,397,2751
911,183,3190
670,540,433
592,390,1263
874,68,534
208,225,596
653,22,4177
231,382,2907
347,751,3386
883,22,3461
844,68,2076
426,382,4282
257,50,950
851,37,32
33,50,969
323,38,4777
579,518,1263
579,68,3250
974,152,1263
76,390,1263
272,277,676
296,552,3200
543,163,1485
543,60,4344
643,884,2420
101,103,151
656,550,3189
464,492,409
774,568,3241
658,1,1525
559,217,2598
810,492,409
620,770,1263
80,82,1298
160,277,64
227,68,3102
619,60,4061
146,225,268
25,492,410
867,38,4331
780,16,879
12,82,1298
921,537,1263
836,437,2613
778,22,156
260,390,4
822,543,3160
527,397,891
892,18,981
301,535,1263
411,38,4776
843,560,3216
438,225,268
891,368,3082
257,16,880
204,488,433
954,82,1298
103,225,1229
323,38,2135
651,68,2053
350,101,914
76,397,2478
273,82,2489
235,492,542
934,68,3261
674,488,433
441,210,1162
573,492,409
317,397,2848
262,492,410
271,55,4346
553,277,2407
206,277,2431
890,558,3217
89,68,1263
742,277,2407
313,492,409
823,68,4697
731,346,1504
820,3,4689
953,68,4085
866,368,3082
140,17,98
739,540,1228
549,397,1504
139,397,3213
136,68,3262
515,430,4
843,559,1742
857,571,1263
696,243,883
749,666,1263
579,68,1166
442,71,1134
724,386,3471
722,1,2617
511,60,4061
511,430,4045
406,346,1504
440,82,1298
726,634,3488
271,55,4772
744,487,2322
824,488,433
313,346,1504
628,526,1263
12,559,3214
799,50,2066
613,633,3484
224,277,3481
66,765,1435
721,368,3082
638,82,699
575,60,4046
163,633,644
188,225,1825
877,38,4331
426,382,493
982,16,880
752,492,409
185,82,1298
686,60,4344
10,436,1485
806,531,1263
348,225,1825
864,540,433
223,82,2698
461,55,4771
461,924,71
461,38,2135
605,20,2119
239,225,268
199,60,4050
157,492,410
719,55,4054
523,540,433
634,397,1650
376,492,409
120,55,4327
216,1,2618
921,495,1263
994,50,4
180,390,586
59,540,433
267,535,3137
428,103,1194
347,6,81
848,68,1225
259,50,2065
200,505,1559
257,752,4033
772,82,1298
832,183,3190
850,103,383
648,277,1149
197,225,268
264,38,4774
819,163,1485
223,101,914
62,529,1263
738,68,1263
326,488,433
928,277,494
315,50,1250
85,55,4346
479,225,1263
55,492,542
146,68,488
342,225,410
731,495,1263
578,492,2113
601,346,987
997,68,3157
403,101,3211
283,82,1298
94,582,3275
657,68,2072
430,568,3237
843,368,3082
347,50,4
790,225,268
705,488,433
323,277,1467
955,488,433
700,283,1263
210,68,1263
134,530,745
508,277,4594
235,488,433
770,225,409
265,488,433
914,225,4
62,82,1298
95,382,2905
277,183,3190
576,225,409
271,277,300
14,82,1298
775,492,542
815,488,433
744,487,380
590,277,4574
363,43,339
458,163,2525
718,492,409
733,529,1263
36,55,4056
980,149,105
687,82,4092
260,368,3082
948,488,433
585,189,4566
805,183,3278
411,55,4327
59,368,3082
546,82,1263
30,68,3101
567,666,653
795,183,1263
570,22,3892
310,38,4052
916,225,1825
5,37,299
835,37,13
534,390,1263
714,488,433
776,411,4610
500,22,3894
834,68,3281
129,82,959
342,217,2603
320,368,3082
551,5,878
736,488,433
149,68,487
912,530,598
391,368,3082
391,225,409
301,68,1263
425,225,2685
421,217,2599
639,743,2757
338,68,1418
335,50,1250
677,225,409
667,492,409
195,541,1007
86,382,493
491,492,2113
134,488,433
532,390,1263
674,68,533
406,183,3190
517,534,610
975,492,409
497,492,409
466,390,587
157,397,3159
7,68,2054
526,488,433
342,505,1559
552,225,1825
164,82,1298
996,237,967
551,179,3960
205,225,1263
692,584,1263
997,540,433
784,101,3211
454,38,4775
92,82,1298
773,189,4
411,38,4052
657,82,1208
509,126,228
515,38,4331
575,60,4061
481,437,2614
698,225,268
917,38,2135
990,82,1298
173,488,433
699,82,1298
138,531,1263
558,488,433
386,726,194
573,530,1263
882,217,2599
629,60,2436
159,225,1825
282,2,148
531,488,433
531,225,1263
540,68,2069
234,487,2942
815,225,409
69,488,433
769,227,734
976,204,2727
661,68,2067
144,225,409
554,50,3945
329,55,4771
587,554,1263
967,82,1207
512,103,4
78,493,2100
78,225,410
960,492,409
482,38,4776
432,505,1559
912,368,3082
602,378,2539
411,38,4774
690,495,603
436,390,606
639,117,4083
844,183,1263
977,492,410
667,225,1263
242,225,409
21,287,3477
560,277,2009
884,532,2080
594,82,2021
54,37,299
542,179,4040
532,488,433
876,68,2067
534,68,2054
80,492,409
834,488,433
814,397,1504
603,488,433
702,82,1298
157,541,929
243,492,409
99,68,1263
521,495,1263
758,16,880
867,277,1467
12,225,268
777,218,2044
254,551,1263
808,368,3082
18,41,4558
670,82,1298
280,346,1504
103,68,3261
501,142,144
749,224,2273
60,492,542
829,765,1431
273,68,1263
668,541,3288
934,492,539
714,390,1065
965,561,1263
571,224,2273
145,68,1263
249,397,2561
479,68,3098
458,277,21
669,277,2416
258,390,588
445,492,409
879,492,409
869,368,3082
869,726,194
75,378,4180
22,368,3082
519,952,4932
455,225,268
773,189,4567
691,55,4328
663,68,537
347,20,2119
723,226,1263
977,346,1504
688,20,2119
712,411,4609
501,765,1435
323,38,4774
615,743,4419
759,495,1263
183,1,4326
6,880,4586
974,481,1298
870,38,4331
185,68,2024
828,368,3082
679,277,21
101,50,1250
496,101,2041
24,505,1263
532,82,1298
668,368,595
322,50,1250
931,495,1263
49,488,433
471,277,242
622,225,268
607,82,1263
360,50,1071
683,345,271
253,378,2539
85,277,1468
497,581,1263
847,50,1071
98,225,409
535,98,897
460,493,1263
499,37,299
455,103,3269
602,750,3951
926,390,1263
422,50,2066
723,488,433
302,60,2531
977,390,1263
88,390,1263
242,390,1263
704,277,1553
734,68,2061
636,634,4
510,1,2615
668,397,1504
138,368,3082
774,566,1263
17,530,745
156,382,493
792,562,1263
492,237,966
79,584,1263
271,38,2135
841,71,652
146,492,409
146,550,2051
111,488,433
99,390,1263
634,492,410
669,885,134
313,726,194
324,82,2489
921,183,1263
329,1,4326
289,82,1298
581,225,268
73,38,4052
254,368,3082
957,666,653
959,82,1298
18,868,208
135,50,969
66,22,3892
91,212,2909
148,368,3082
334,550,2052
293,38,4047
302,103,2911
399,492,409
897,666,653
193,1,523
699,550,1263
475,277,3482
829,752,4033
735,82,1298
447,666,653
895,98,896
668,585,3161
317,346,987
369,409,2414
15,55,4327
146,726,194
886,346,2848
164,225,1263
813,82,1298
830,409,2414
435,183,614
601,390,586
81,38,4777
318,382,4282
122,492,409
425,142,4618
422,488,433
63,82,1298
998,60,2435
977,488,433
561,570,414
772,68,3227
982,2,2720
580,82,1298
676,495,1263
698,82,1298
195,346,987
875,368,3082
478,224,2273
477,225,268
38,82,1298
626,277,4588
641,71,2443
378,82,699
378,564,1263
471,37,90
511,60,68
294,38,4331
156,382,4282
167,430,4
846,243,2283
695,183,1263
744,242,987
189,82,1298
342,397,1504
162,495,603
944,568,3240
642,277,2407
320,397,1650
212,397,2751
763,505,352
763,585,3161
692,225,1230
51,37,13
808,68,1418
949,237,965
691,55,4327
671,495,1263
359,952,4931
257,378,2539
954,488,433
351,82,1263
296,557,1263
649,225,1825
858,82,1263
668,50,2100
165,479,1487
288,739,11
694,765,1540
882,541,1007
607,225,2113
175,585,681
64,488,433
282,179,4041
529,183,1263
529,536,3141
326,68,487
845,150,4003
105,488,433
266,277,30
249,68,1263
841,277,2437
624,525,1583
258,492,2113
736,531,1263
948,225,1230
152,15,4059
601,397,2838
224,163,2525
509,38,2135
856,71,652
33,50,1071
56,568,3240
749,71,1135
922,82,710
594,186,1263
386,492,409
774,570,1263
228,368,3082
658,1,1433
607,585,3160
620,82,1263
878,82,2379
522,105,2451
522,372,2428
989,196,1981
647,38,4053
683,225,410
619,38,2135
634,368,3082
634,585,3161
758,378,2539
697,492,2113
415,382,2905
967,68,487
941,82,1298
334,492,409
693,633,3485
347,179,3959
891,526,1263
351,518,1263
158,765,1435
53,121,1351
442,277,4574
516,218,2043
699,183,1263
87,368,3082
264,55,4773
636,730,3854
829,64,3948
74,546,3185
542,68,4034
11,68,4084
757,580,352
434,495,1263
838,390,2064
401,390,586
219,6,29
433,397,2561
179,68,487
820,179,3959
371,481,1298
672,37,37
110,37,236
527,368,3082
773,875,4570
365,186,1263
59,492,2113
747,38,4052
200,390,586
257,5,878
972,105,2453
278,765,1431
633,210,1161
594,225,4
914,368,3082
70,371,1559
317,50,2099
160,153,61
645,224,2273
744,225,410
69,492,409
813,492,409
869,183,3190
967,492,2113
460,505,1559
992,378,4180
799,584,1263
602,5,878
969,277,2437
691,60,4049
690,82,1298
874,225,268
844,225,268
112,68,1263
698,558,3217
467,909,1263
431,580,352
264,55,4770
130,495,1263
232,82,2489
288,740,4
17,82,1298
533,493,2100
722,437,4
239,553,4624
768,634,3488
647,60,4049
262,225,268
797,368,3082
394,488,433
176,68,773
458,277,494
554,37,3474
725,488,433
597,68,487
614,492,2113
320,488,433
732,362,477
799,488,433
866,82,698
260,530,1263
812,183,613
502,488,433
163,277,21
450,732,3860
848,492,409
844,82,1298
355,68,3098
917,924,71
13,492,409
570,212,2909
38,225,539
859,583,3284
909,436,2612
668,397,2848
165,277,1486
77,346,1504
461,277,183
434,217,2599
370,225,1263
619,55,4055
121,225,1263
507,492,409
179,550,2051
624,68,773
587,397,891
703,492,2113
362,218,2045
435,532,2079
78,541,1007
994,82,1298
153,189,796
247,346,1912
454,277,300
805,68,3102
490,68,1263
379,368,3082
119,50,1071
66,382,4282
97,68,487
359,17,98
347,16,879
586,409,2414
818,540,433
844,390,1263
844,726,194
688,751,2125
688,752,3861
795,488,433
166,526,1263
173,82,1298
828,726,194
534,68,4646
11,68,1166
617,909,1990
261,68,2055
408,277,4596
303,68,2025
571,277,4574
104,277,4601
942,633,644
339,82,1298
342,50,2100
4,488,433
457,1,4326
316,68,2105
75,105,2452
362,488,433
147,530,599
627,277,4576
73,60,1468
831,217,2597
224,633,644
139,559,1742
670,368,595
411,38,4331
709,564,1263
443,488,433
730,492,2113
586,277,30
579,225,1825
183,924,71
570,382,4282
68,68,694
734,82,1298
779,251,2380
134,218,2044
828,488,433
5,103,1194
312,581,1263
542,2,693
908,488,433
622,82,1298
605,751,2125
239,346,2007
192,411,4610
274,409,2413
243,82,1298
189,534,1263
588,82,1298
144,390,3182
932,82,1298
171,183,1263
820,16,880
921,251,2380
36,38,2135
106,82,1298
994,495,1263
905,885,2265
469,2,2720
654,546,2108
592,82,1298
657,397,2751
691,60,4326
96,225,1825
848,346,1294
747,55,4057
982,750,3951
580,492,409
935,1,3480
832,390,1263
579,68,3256
292,752,4
6,879,4585
704,22,174
859,492,409
987,225,268
508,22,1263
724,68,4024
978,2,2720
620,101,3245
522,37,2115
757,390,1263
664,71,2443
889,82,1298
915,225,268
85,38,2135
695,68,1263
603,82,1298
523,541,3218
243,68,3178
487,368,3082
980,277,66
980,163,2525
578,68,1263
139,543,3160
267,68,2068
844,368,3082
977,68,488
103,82,1098
893,277,3468
973,277,4281
676,488,433
596,68,487
292,6,3955
195,68,554
13,390,586
710,541,3204
491,541,1007
496,225,268
766,50,3945
138,50,4
934,580,352
774,68,2024
774,571,1263
978,50,950
609,488,433
647,55,4328
105,82,1298
814,585,681
353,492,542
50,68,3225
61,371,1559
414,390,3267
177,82,1298
111,225,409
120,55,4328
947,397,2561
938,382,2905
289,397,891
37,183,3190
812,492,409
549,390,586
549,217,2601
139,397,891
314,397,891
691,38,4052
59,82,1298
422,68,2057
347,2,2720
705,68,2105
881,50,4
881,488,433
919,183,3190
550,224,1250
193,277,4594
649,101,914
909,237,966
39,430,4045
658,1,1528
288,17,98
389,542,3979
434,492,410
241,68,1189
116,82,1298
971,68,2059
129,397,2751
555,397,1263
201,390,4
46,196,3084
932,492,409
171,551,1263
73,60,4051
872,552,3200
448,382,2905
344,101,3246
45,390,586
267,390,606
843,225,2793
96,371,352
723,512,2035
214,492,409
112,488,433
103,580,352
113,488,433
323,38,4776
615,15,4059
759,82,1298
700,362,1263
197,551,3196
859,488,433
828,495,1263
916,518,1263
735,68,533
656,397,2751
386,225,1263
774,567,1263
835,50,1250
39,55,4057
534,225,1230
175,541,1584
833,50,4
493,730,3854
261,390,586
227,82,1661
902,277,2416
971,50,2065
85,38,4775
249,368,3082
129,217,2607
146,82,1298
528,68,550
162,488,433
836,437,2614
367,225,268
763,541,1007
654,545,601
412,224,2273
436,225,1263
293,60,4046
293,38,2135
426,163,2525
355,488,433
400,488,433
865,770,4090
183,1,4046
873,186,478
185,492,409
491,493,2099
636,277,3481
610,492,1263
299,488,433
451,68,1263
923,726,194
669,884,4
468,492,409
457,38,2135
12,540,433
614,183,1263
84,277,4593
736,492,409
480,68,3041
997,397,3159
568,378,4179
395,488,433
443,82,1298
693,634,4
450,60,2757
351,68,4085
682,568,3237
441,884,2417
299,492,542
807,568,1263
533,488,433
771,492,409
611,50,969
62,531,1263
514,68,2059
576,82,1298
217,68,4085
669,411,4610
433,540,433
886,218,2045
760,103,3266
614,225,268
921,218,2045
728,390,1742
423,225,596
329,55,4773
377,98,141
672,765,1435
872,68,3221
773,874,4569
663,183,3258
417,68,3197
42,487,2875
708,430,4
562,252,2
323,38,4331
166,390,587
264,924,12
464,68,3101
701,479,4332
228,505,1263
876,251,2378
536,82,2698
882,493,2099
461,277,300
531,68,529
497,532,1263
420,71,2442
744,489,2946
414,580,352
398,82,2489
179,492,409
179,82,1298
938,212,2909
813,526,1263
551,386,3471
992,37,2115
901,68,2055
736,225,1263
260,492,409
295,397,2751
456,225,1263
519,739,11
139,540,433
941,346,1504
425,82,221
97,488,433
136,82,1298
417,552,1263
982,765,1435
562,275,1408
287,1,2615
881,218,2044
710,68,619
699,68,487
410,488,1228
264,1,4046
668,82,2165
593,390,586
9,513,755
607,397,2838
451,243,2283
451,346,987
451,225,268
833,530,745
282,106,59
494,505,1559
15,55,4328
526,492,540
452,390,587
324,101,914
19,163,1531
12,554,1263
367,557,3220
948,390,586
73,60,183
482,1,4046
275,277,4565
925,82,1207
291,225,1230
608,68,2572
693,277,4281
790,68,3157
204,568,3241
204,492,409
222,277,968
486,580,352
327,82,1298
182,163,1485
182,22,3892
404,225,2113
210,225,1263
829,386,3470
218,243,1263
218,368,595
668,346,987
558,492,542
658,1,1523
800,38,4053
461,38,4331
244,488,433
599,22,1263
923,551,1263
678,277,30
401,488,433
89,82,1298
25,390,1263
731,368,3082
887,437,2614
697,225,268
457,55,4327
329,55,4772
367,82,1298
319,909,1298
418,492,409
601,50,2099
51,50,4135
716,346,2848
37,550,2051
81,277,300
924,101,914
767,277,30
509,1,4046
693,163,2525
293,60,4326
188,101,190
844,492,2113
688,750,3952
56,492,409
974,225,2113
390,390,2062
60,82,1298
87,541,1007
635,277,2404
101,50,1242
131,50,4
774,488,433
658,2,148
882,495,1263
640,224,2273
590,71,1134
507,138,1263
867,55,4056
487,488,433
140,739,11
482,924,71
482,38,4777
81,55,4770
927,68,1263
988,541,3218
663,488,433
257,2,2720
56,488,433
292,751,3386
917,38,4777
655,566,1263
788,224,2273
336,224,2273
13,550,2051
870,55,4771
237,270,684
477,390,586
210,82,1298
686,37,90
130,50,4
668,397,1263
674,183,3258
534,68,3279
340,261,4599
40,730,644
726,277,494
936,71,2443
695,82,1298
61,225,1825
46,225,541
342,493,2100
34,518,1263
216,436,1485
236,277,2408
597,82,1298
212,68,487
109,217,2609
482,55,4327
831,368,1263
601,82,959
37,82,1298
22,492,409
224,730,3854
135,50,1250
911,550,2051
430,488,433
691,55,4056
136,492,410
515,55,4056
977,551,1263
747,60,4046
982,20,2119
705,390,1263
225,68,611
919,68,488
699,390,1263
884,488,433
410,152,1522
766,37,236
218,68,1982
600,565,545
133,82,1298
573,488,433
17,488,433
181,277,2407
522,22,2724
261,488,433
387,68,2053
792,563,1263
494,492,542
57,252,2
253,179,3959
632,37,299
665,488,433
999,109,1334
523,559,1263
120,60,4049
27,409,60
849,50,969
557,390,1263
894,277,1263
456,82,1209
448,163,1485
411,38,4777
582,225,410
59,68,1263
567,277,4576
730,183,613
688,50,950
832,346,2848
817,101,3246
166,495,1263
684,1,1525
828,225,268
864,545,601
536,225,1825
175,346,987
833,225,1229
834,492,409
999,210,4
523,82,1298
342,390,586
468,82,1298
614,488,433
320,585,3219
329,55,4346
953,770,1263
109,505,352
483,224,1250
988,554,1263
450,60,3859
818,225,268
817,68,1263
673,492,409
937,68,534
779,225,409
876,492,409
970,163,1485
809,390,605
609,82,1298
757,492,1263
261,82,1298
249,498,3198
797,726,194
963,374,2252
354,101,914
587,397,741
849,37,236
254,68,2072
153,189,4567
637,277,1553
691,38,4053
874,82,1298
653,372,4181
756,277,2408
112,82,1298
346,492,409
287,436,203
327,68,3261
710,554,3206
390,390,586
74,545,601
934,579,3264
622,346,1504
11,101,914
262,68,3262
665,217,2965
234,481,1298
963,37,2749
179,726,194
887,437,2613
528,535,1263
164,488,433
405,68,487
715,436,203
329,38,4775
778,202,3271
732,68,1205
901,50,2065
472,493,1263
581,552,1263
295,390,3088
311,378,4180
73,60,4049
81,277,1467
283,488,433
267,251,2380
843,225,1229
481,1,2617
561,568,1263
169,277,4600
705,492,541
817,82,2489
917,38,4774
182,212,2909
183,55,4056
183,38,4052
919,368,3082
193,22,1263
674,186,477
128,68,4350
835,50,1242
607,68,2049
993,225,268
504,390,1263
504,541,3218
303,570,3242
631,71,2442
216,43,339
740,739,2258
728,68,1263
711,277,30
967,551,3191
460,488,433
763,68,1189
109,368,3082
994,225,1263
959,488,433
949,1,2615
911,368,3082
911,82,1298
139,225,1773
509,38,4331
729,82,1298
323,55,4773
467,152,1017
68,492,2113
237,1,1128
431,390,3267
643,411,4609
273,225,1825
29,492,542
880,492,409
451,492,2113
605,179,3959
11,82,2489
776,884,4
434,505,352
647,60,183
683,262,1436
374,68,2068
619,60,4051
789,537,2071
942,163,1485
98,82,1298
731,550,1263
381,82,1298
279,22,3894
988,543,3219
122,488,433
97,82,1298
856,277,4605
231,382,493
242,495,1263
655,82,1298
449,71,1134
183,55,4770
6,878,4583
17,492,541
533,346,468
903,98,896
105,492,539
374,535,3137
315,103,152
211,82,1263
726,277,3483
798,7,33
902,210,1161
253,5,879
234,262,1437
23,68,3261
606,252,2
733,492,1263
120,38,2135
498,142,1825
528,251,2382
488,770,4090
444,82,1298
672,60,2530
681,277,3481
246,68,2053
45,50,4
509,55,4770
293,55,4055
857,68,3228
801,82,1298
759,346,1504
788,277,2431
137,277,3481
840,390,586
933,50,2065
5,22,174
900,82,2489
573,82,1298
534,82,1298
584,68,487
722,43,339
95,212,2909
993,488,433
217,101,914
105,68,3261
145,82,1298
269,82,710
555,550,1263
41,397,2838
373,60,4061
528,488,433
415,22,3892
289,397,741
736,530,1263
613,277,21
994,531,1263
187,344,2938
372,82,1298
454,38,4774
469,426,54
885,488,433
562,427,2522
604,68,4360
794,68,1166
323,1,4046
974,68,1999
710,390,3209
819,277,66
899,411,4610
396,225,268
722,237,967
776,277,2416
80,488,433
993,368,3082
50,82,699
43,277,672
458,730,3854
535,277,1486
342,82,1990
373,430,4045
552,82,4092
453,492,409
758,50,950
741,55,4327
614,82,1298
879,533,1263
256,492,409
557,225,3265
484,277,213
827,277,696
97,346,1504
334,488,433
843,397,2751
671,82,1298
877,38,2135
708,55,4328
280,368,3082
565,277,2409
917,38,4052
356,68,3281
76,397,891
349,492,409
296,82,1298
461,38,4774
451,488,433
282,378,4037
221,492,409
440,68,2054
853,277,4593
555,82,1298
398,68,4351
944,492,542
597,183,3190
624,488,433
36,1,4046
959,551,1263
490,225,1825
549,493,2099
92,225,409
654,540,433
750,568,3235
582,397,1263
582,541,3288
63,492,409
885,368,3082
615,250,2759
595,277,4597
183,55,4327
570,382,2905
76,554,1263
686,55,4054
133,346,1504
95,163,1485
965,397,741
374,488,433
821,270,683
206,71,1134
523,561,1263
986,196,1981
189,532,1263
964,82,1298
661,251,2384
634,68,2048
458,635,3492
67,495,1263
289,397,3213
36,38,4776
106,492,2113
435,68,3102
763,346,987
736,368,3082
994,68,1263
773,277,4565
707,82,1298
575,55,4056
163,765,1435
868,1,1523
677,488,433
667,82,1298
368,225,268
191,237,967
6,876,4
431,82,1298
884,68,3102
916,101,914
594,68,1986
766,103,152
138,390,1199
558,567,3231
864,492,542
899,210,1161
930,225,1263
738,488,433
981,581,1263
943,277,4593
506,82,1298
339,390,1263
758,20,2119
468,390,1065
171,82,1298
780,752,3953
958,60,3858
624,103,1496
36,924,12
316,488,433
142,60,2531
799,68,3282
377,277,1486
822,397,3159
952,890,4627
432,397,1650
81,126,4
602,2,2720
926,68,2067
568,37,2454
750,488,433
148,492,409
42,488,433
801,726,194
278,382,936
840,68,1263
884,492,409
682,488,433
441,277,4606
332,2,2720
11,68,4349
389,542,3981
83,82,1298
7,390,2062
963,60,3858
995,277,2407
740,765,1540
958,3,4193
142,60,2532
205,183,3190
482,55,4771
379,488,433
379,82,1298
301,492,1263
180,82,1298
568,105,2451
42,287,3110
616,492,409
302,60,2529
883,179,4041
103,492,539
794,101,914
183,55,4771
875,346,1504
710,82,1298
550,666,653
987,68,3261
724,378,2539
880,82,2134
77,488,433
461,126,4
175,217,2603
522,378,4180
277,495,1263
217,492,409
619,55,4328
83,488,433
824,726,194
419,368,595
741,55,4056
697,82,1298
329,55,4056
432,488,433
290,666,653
392,243,882
602,68,4024
773,189,4566
582,585,3161
314,368,3082
657,492,409
693,635,3492
575,38,4052
280,495,1263
250,224,1250
225,225,268
596,390,1263
173,580,352
974,116,1032
404,346,987
404,82,959
312,186,1263
218,488,433
90,68,806
9,225,1263
584,390,1212
622,551,1263
607,217,1263
64,225,1263
792,492,409
726,277,4684
57,765,1540
85,38,4052
23,488,433
196,567,1263
564,68,1263
487,50,4
869,495,1263
279,382,2906
75,22,382
435,488,433
205,82,1298
37,368,3082
988,368,3082
139,68,621
709,225,268
231,212,2909
676,225,409
801,492,409
292,386,3473
475,163,2525
542,751,4039
970,634,4
62,50,594
965,560,1263
406,726,194
647,60,68
792,225,268
506,68,2031
127,82,1298
991,101,914
886,82,1298
758,751,3469
141,68,3101
381,225,268
473,346,1504
295,225,268
254,488,433
959,726,194
432,368,1263
568,37,2115
509,38,4777
293,55,4329
885,726,194
580,368,3082
242,488,433
596,492,2113
477,492,409
684,1,1524
724,750,3951
589,22,174
674,82,1298
746,492,409
317,68,554
664,109,1334
640,666,653
494,541,1584
645,277,4574
190,488,433
497,183,613
83,183,614
797,346,1504
661,488,433
15,38,4053
339,225,268
171,550,1263
755,382,4282
731,492,2113
67,492,1263
896,71,1134
36,277,300
563,98,4
732,82,699
367,540,433
980,633,644
997,541,3158
153,277,4565
490,101,3246
163,277,494
883,2,148
323,126,4045
278,449,3788
93,390,586
659,103,151
727,38,4052
800,55,4329
559,368,3082
271,126,4058
234,488,433
7,82,1298
144,82,1661
489,726,194
528,225,409
162,225,268
740,17,98
36,126,4058
525,68,2025
473,492,409
482,1,4326
808,545,601
912,390,588
454,38,4052
411,38,4775
582,390,586
925,390,1199
663,82,1298
63,368,3082
32,566,2027
304,390,2185
698,368,595
897,277,4574
713,277,30
137,277,66
884,183,614
724,64,3947
878,565,545
833,82,1298
923,82,1298
591,183,614
523,397,741
41,492,541
120,60,4061
741,55,4773
19,22,3892
583,38,4052
947,225,1263
921,390,606
329,277,300
361,430,227
205,551,1263
109,541,1007
149,225,1230
482,38,4775
585,875,4570
601,225,2113
924,518,1263
654,548,3187
748,277,2538
657,551,531
293,60,4061
214,101,914
977,225,1230
200,488,1228
688,5,2904
191,437,2613
183,277,183
919,726,194
956,25,1559
610,68,3225
694,60,2529
882,492,410
434,493,2101
306,488,433
975,82,1298
814,397,2838
520,183,4555
271,55,4327
506,568,1263
976,765,1431
15,55,4056
99,368,3082
171,368,3082
741,924,71
19,382,2905
614,495,1263
329,924,12
587,68,2788
778,1,906
409,492,2113
73,430,228
375,568,3241
997,543,3161
379,726,1263
393,142,1825
200,50,2099
954,570,2104
112,584,597
32,488,433
346,68,1263
652,874,4569
652,189,4
544,488,433
865,82,1263
364,368,3082
699,495,1263
839,408,1497
724,179,3960
471,277,47
248,225,1263
882,585,3219
62,488,433
413,437,4
514,488,433
965,554,3206
326,550,3189
647,60,4051
619,55,4056
253,750,3952
85,126,228
665,492,2113
206,666,1263
999,885,4
526,68,3261
146,488,433
25,82,1298
963,732,3860
111,390,1263
731,225,268
123,101,914
405,225,1263
777,390,4
423,82,1298
16,38,4053
256,68,3178
311,372,4181
403,553,3207
124,368,3082
925,492,2113
515,60,4326
96,518,1263
438,488,433
671,551,1263
562,275,1407
580,346,1342
304,68,1205
327,488,433
182,382,2905
173,579,3264
828,550,1263
543,55,4054
464,218,2044
299,346,1912
340,277,4597
768,730,3854
211,565,1263
981,82,1298
15,55,4055
847,37,236
373,38,2135
120,38,4047
319,492,2113
539,368,3082
254,726,194
293,60,1468
653,37,2454
575,60,68
832,488,433
759,488,433
449,277,668
461,38,4776
175,493,1263
70,68,4084
768,277,4684
798,142,145
157,225,268
964,390,2062
452,492,409
99,488,433
551,64,3949
446,492,409
907,101,3246
319,152,667
799,82,1298
295,540,433
681,730,3854
226,765,1435
808,540,433
454,55,4327
403,556,3212
469,6,29
826,277,2406
750,82,1298
721,552,1263
612,21,737
368,492,409
173,492,409
633,411,4609
263,492,409
594,368,595
138,218,2043
593,488,433
666,571,1263
607,505,352
607,397,1504
833,68,2053
406,488,433
116,225,1263
14,492,2113
416,225,268
618,82,1298
588,368,3082
718,68,2053
796,277,4576
171,726,194
551,68,4024
675,492,409
675,251,2380
454,1,4046
224,277,4281
549,82,959
314,390,3210
691,55,4055
421,346,987
843,68,619
575,38,4047
671,390,1066
481,237,967
708,38,4047
688,386,3470
562,845,4572
263,50,4
431,488,433
410,481,1098
643,210,1162
593,368,3082
49,68,2024
792,82,699
619,60,1468
14,390,1263
83,492,409
797,82,1298
945,50,1250
398,101,914
123,492,409
162,82,1298
20,492,409
380,37,13
409,225,268
78,82,1988
187,225,410
73,38,4053
905,277,4606
924,225,1825
417,82,1263
118,98,896
569,566,2029
229,488,433
350,82,2489
495,277,4597
598,390,586
987,488,433
543,37,90
679,277,494
358,277,4604
39,60,4046
809,535,3139
305,429,53
617,718,4696
294,60,183
683,344,2937
504,397,1263
105,580,352
591,225,268
269,225,409
497,225,1263
744,487,2943
129,346,468
797,492,2113
797,225,268
219,386,3470
457,1,4046
614,390,1263
20,101,914
371,492,2113
557,492,409
948,68,4646
578,570,1263
822,492,410
585,872,44
872,558,3217
716,550,2051
808,548,3187
397,277,4576
483,71,1840
988,397,891
612,163,1485
621,277,676
302,60,2530
561,571,1263
400,68,2024
304,515,3081
698,492,409
158,163,2525
35,277,30
655,492,542
6,879,4584
390,68,1263
263,225,1263
752,390,1263
659,50,1242
264,277,300
714,225,1229
605,2,2720
617,488,1228
928,765,1435
234,489,2949
719,37,90
719,430,228
308,225,1825
986,225,268
52,488,433
823,225,1825
12,68,621
921,536,1263
623,409,2415
36,55,4770
78,488,1228
527,397,1249
949,436,1485
737,488,433
646,82,1298
139,561,1263
602,751,3386
411,924,71
97,726,194
59,225,268
267,495,1263
280,68,487
475,765,1435
682,82,1298
235,82,1298
584,488,433
396,390,1263
352,224,894
434,585,3219
241,488,433
989,492,2113
640,71,1134
783,277,3482
915,68,3226
198,68,1263
394,82,1298
240,277,4588
373,60,4326
196,571,1263
123,225,1825
947,82,1298
320,346,1912
20,82,4092
967,550,2051
953,101,914
512,37,4
578,571,1263
957,277,4574
527,225,1230
602,3,4752
602,386,3473
91,22,3893
575,60,4051
335,50,969
688,64,2836
710,397,741
752,368,3082
235,68,3228
701,98,330
835,103,152
385,68,589
294,430,228
440,488,433
271,1,4326
23,580,352
789,183,1263
719,21,736
129,397,1504
15,38,2135
507,225,4
52,225,1263
628,68,1263
715,437,137
36,38,4052
418,534,1263
994,526,1263
959,218,680
82,277,669
291,550,2051
515,60,68
920,492,409
280,492,2113
844,488,433
257,6,29
772,571,1263
652,189,4566
474,481,710
229,390,586
795,68,2092
44,82,1298
840,368,3082
978,64,3948
90,492,409
607,368,3082
64,495,1263
72,82,1207
317,397,2751
845,149,105
923,68,1203
271,38,4331
981,532,1263
253,3,4756
702,68,3101
243,551,1263
219,5,878
606,765,1540
433,368,3082
755,22,3891
725,225,1263
697,550,1263
12,541,3218
473,218,680
367,397,2561
362,492,409
802,82,1298
472,495,1263
672,103,2912
301,390,1263
275,873,4445
509,38,4775
421,68,554
961,68,589
671,68,3178
973,277,3483
600,492,1263
441,885,2265
348,518,1263
378,565,1263
251,237,966
463,437,1029
622,726,194
533,495,1263
332,20,4629
175,488,433
294,55,4055
504,368,3082
504,225,268
504,554,1263
494,488,433
915,101,2040
577,71,2444
497,488,433
420,277,4593
249,82,1298
744,487,2942
1,1,1523
963,3,4109
606,204,1028
521,492,409
285,71,2443
947,68,1225
996,1,2617
624,149,1544
67,726,1263
836,43,339
106,726,194
409,545,601
480,225,3053
152,250,2759
808,82,1298
153,874,4569
454,924,71
392,225,2113
608,225,1825
982,752,4
32,492,542
368,488,433
491,585,681
643,109,1334
858,225,1263
724,50,950
386,551,1263
77,68,3178
533,68,2048
80,225,268
241,368,3082
117,225,1825
664,885,134
814,397,1263
645,666,4579
189,225,268
129,397,1650
976,204,2726
394,492,409
342,397,1263
823,68,4351
697,68,487
944,566,3229
330,277,2408
371,488,433
967,397,2838
953,82,1263
187,242,987
147,488,433
73,55,4055
754,390,588
455,68,2109
180,50,2066
518,371,1559
509,924,71
436,68,2053
293,38,4331
42,149,1311
857,566,1263
906,82,1298
229,68,3178
229,225,268
323,38,4052
191,43,339
560,152,666
516,390,4
404,397,2838
858,186,1263
566,68,1263
800,430,228
95,765,1435
294,60,4049
317,82,1988
105,579,3264
966,225,268
416,68,534
815,537,3143
15,60,4061
143,55,4346
433,68,3221
132,50,2065
820,20,2119
354,371,352
316,225,1263
980,765,1435
109,397,1650
539,225,1229
48,225,268
92,488,433
393,149,105
582,397,2751
709,565,1263
729,390,1263
325,68,2024
652,873,4445
604,101,3246
832,368,3082
713,18,981
134,531,1263
916,371,352
735,225,268
447,277,4574
727,126,228
388,492,409
714,68,3261
406,225,1263
261,50,2065
783,633,644
981,582,1555
253,765,1431
127,488,433
7,225,409
15,60,4046
398,371,1559
98,390,586
963,3,991
521,251,2383
473,551,530
763,495,1263
109,493,1263
581,68,3221
295,554,3206
784,82,1208
247,50,2099
754,225,1263
519,17,98
602,179,3960
657,397,1504
422,390,1263
537,82,1991
616,225,268
708,55,4056
280,390,1263
280,183,1263
351,225,1263
698,540,433
865,101,3246
6,877,4582
875,68,3178
700,82,552
237,287,110
364,540,433
532,68,1263
593,492,409
605,50,4
791,71,1136
965,397,1249
427,488,433
85,924,71
466,488,433
243,225,1263
189,183,1263
733,526,3123
171,492,2113
755,382,2905
357,60,3858
207,492,541
233,437,137
472,68,1189
260,68,2053
581,557,1263
737,550,3189
334,346,2848
537,492,409
764,142,4001
747,60,68
486,488,433
696,68,3090
676,492,409
984,225,268
35,409,60
829,751,2125
819,277,3481
447,71,1134
326,82,1298
647,38,2135
190,283,2088
308,101,3246
457,924,12
728,82,1298
106,488,433
907,225,1825
81,1,4326
737,68,3178
150,68,3255
180,488,433
707,488,433
843,540,433
200,225,2113
426,765,1431
170,224,2273
21,277,3478
276,277,2408
323,55,4056
220,71,2443
404,397,1263
699,488,433
543,21,736
649,68,4359
593,550,1263
978,765,1431
914,68,1263
396,492,409
194,739,11
159,371,352
605,386,3470
683,488,433
271,924,12
999,71,2444
634,505,1559
41,397,2751
19,212,4
329,38,4331
551,16,880
36,55,4327
435,82,1298
247,225,2113
483,277,1403
940,666,1263
119,50,1250
926,225,409
654,68,1418
509,277,300
515,60,4051
843,397,891
325,566,1263
857,570,1263
200,368,595
917,277,1467
779,492,409
49,568,3237
131,37,13
800,55,4055
800,38,4052
239,68,589
192,277,4606
192,71,2442
647,38,4330
517,488,433
116,492,410
14,368,3082
243,488,433
55,82,1298
201,218,2043
99,492,409
572,274,132
551,50,2550
587,397,1249
525,492,2113
907,82,779
409,540,433
295,397,741
226,142,48
470,50,2065
291,68,487
693,277,67
671,492,2113
42,287,1263
355,68,1263
8,82,1298
368,534,3276
225,488,433
984,488,433
137,633,644
828,82,1298
264,38,2135
766,50,1250
807,492,2113
914,492,541
630,225,268
500,212,2909
783,634,3490
234,344,2941
243,368,3082
111,68,1263
99,82,1298
339,68,727
718,488,433
552,770,4090
731,68,487
728,218,2043
445,68,3226
445,101,2040
785,882,1016
472,585,3160
539,390,1742
290,71,1135
527,397,1263
690,225,268
843,541,3218
450,374,2253
200,495,2968
86,212,2909
183,38,4331
68,368,3082
388,68,1263
965,82,1298
239,346,2427
239,397,4623
294,55,4327
227,532,2079
625,277,2406
145,492,409
83,186,1263
618,60,2102
129,397,2848
991,82,2489
15,60,4049
15,60,4051
219,2,2720
485,101,3246
419,397,1650
521,225,409
19,163,1485
597,390,586
78,217,2598
379,550,1263
773,873,1383
654,225,268
721,68,3222
582,50,2099
925,183,1263
843,397,3213
208,183,612
575,60,4049
747,60,4051
200,397,2848
561,492,542
677,492,409
851,142,174
501,37,37
698,552,3200
292,3,4752
26,952,4932
825,82,1298
939,150,4003
610,225,268
811,5,2904
923,492,2113
966,82,721
271,55,4771
271,38,4777
945,37,13
606,204,3788
342,397,2848
758,765,1431
503,493,2100
20,518,1263
354,225,1825
445,82,699
869,390,1263
446,493,2099
319,68,1225
613,634,3487
539,529,3125
73,55,4328
831,541,1007
81,38,4775
805,488,433
82,224,2273
208,488,433
919,492,410
477,726,194
686,21,737
410,492,409
5,277,1553
542,22,3794
724,16,880
228,397,1650
882,368,1263
451,368,3082
239,889,1263
217,225,1825
414,68,3261
824,492,409
196,568,1263
196,570,1263
572,30,86
836,436,1485
830,18,982
551,2,2720
178,666,653
692,68,4646
805,225,268
437,277,4600
548,368,1263
97,551,3196
709,101,2040
708,60,4046
257,64,3948
868,1,1528
982,6,29
8,68,2024
368,82,1298
544,368,595
44,579,3263
987,579,3264
296,540,433
662,60,2210
727,38,4331
133,68,3178
133,225,268
861,277,4601
559,492,2113
64,82,1298
31,225,1825
522,372,4
95,382,2907
965,543,681
294,38,2135
406,390,1263
317,397,1650
85,55,4772
83,532,2080
129,68,1189
634,541,1007
179,551,531
381,397,2561
362,50,2065
472,488,433
951,71,652
73,38,2135
470,82,1298
314,397,741
291,492,2113
515,38,2135
293,60,68
438,68,4683
906,390,606
801,183,3190
955,50,2066
710,540,433
710,397,3213
210,183,614
312,492,541
605,5,879
95,22,3892
965,397,1263
199,38,4052
192,884,2449
406,368,3082
576,488,433
253,20,2119
852,541,3158
255,68,589
507,82,2021
741,55,4772
697,368,3082
697,726,1263
901,488,433
409,82,1298
178,71,1134
581,368,3082
822,68,3157
646,68,3130
119,103,152
63,68,4010
426,212,2909
170,666,653
399,68,2060
323,55,4327
870,1,4046
704,37,299
475,634,4
312,225,596
600,101,2039
299,368,3082
17,68,2053
683,487,1914
523,397,1249
588,397,2561
526,225,1263
108,558,1263
255,680,3208
521,183,1263
52,183,613
34,101,914
813,390,587
16,38,4331
860,50,1250
75,372,4
557,82,1298
948,50,2066
73,60,4326
646,519,2696
988,225,1263
301,68,2068
582,488,1228
430,492,409
509,38,4774
653,37,4184
347,5,878
973,277,67
652,875,4570
65,548,3187
801,368,3082
972,378,4180
327,225,268
449,224,2273
795,581,1263
478,277,668
825,488,433
829,378,2539
558,82,1298
348,371,1559
159,82,2698
768,765,1431
306,68,2059
923,488,433
619,38,4053
466,82,1298
243,183,1263
898,277,30
588,558,3217
219,16,880
373,55,4328
196,488,433
758,5,879
230,437,137
816,82,1298
958,765,1431
777,68,1263
423,492,409
20,225,1825
869,488,433
869,346,1504
149,390,1263
737,183,1263
314,541,3204
293,60,183
671,225,268
400,568,3237
917,38,4776
919,82,1298
24,368,3082
424,277,2914
970,277,4281
248,68,3101
617,492,541
783,635,3492
253,386,3470
915,82,2379
14,225,268
523,397,3213
69,82,1298
552,101,914
489,390,1066
503,68,2050
316,390,1263
371,68,1176
962,488,433
513,488,433
409,68,1418
149,488,433
627,224,2273
952,64,19
290,277,4574
527,543,3161
527,541,3204
874,183,3259
575,38,2135
917,126,4045
870,38,4775
404,390,586
779,495,1263
264,38,4052
264,38,4777
24,541,1584
573,529,1263
299,541,1007
533,585,3161
282,68,4035
61,518,1263
820,5,879
457,55,4771
212,397,1263
488,68,4086
681,277,66
490,82,2489
395,82,1298
421,493,1263
65,546,3183
399,82,1298
579,68,2058
984,82,1298
850,37,299
327,579,593
560,488,433
710,397,891
922,68,4619
477,68,487
38,60,2102
699,492,2113
727,55,4327
228,493,1263
658,1,1524
62,368,3082
62,68,743
607,390,1211
31,82,2489
522,37,4184
965,397,3213
294,60,4046
244,50,2066
517,183,614
57,204,3788
619,60,68
234,225,1825
702,390,586
942,277,66
146,390,1263
433,492,409
507,346,987
758,765,4690
4,390,1263
357,732,3860
728,488,433
587,560,1263
473,225,268
73,60,4048
831,397,1650
454,38,4777
392,488,433
314,225,1263
163,163,2525
359,739,2258
883,751,4039
86,22,3892
873,196,3084
987,390,3270
74,68,1418
806,225,1263
876,488,433
461,1,4046
574,580,352
803,884,2418
389,758,3977
913,371,352
647,38,4047
520,390,587
744,262,1263
121,183,614
797,183,3190
433,552,3202
820,765,4690
820,64,3950
820,752,4033
457,277,300
423,533,1263
258,68,1263
446,68,1263
205,495,1263
205,550,3189
866,492,2113
994,492,541
73,55,4327
872,225,268
153,189,4447
365,488,433
382,225,409
747,60,4049
677,535,3137
6,881,1447
281,103,3467
93,492,409
956,107,1329
464,488,433
839,18,981
811,260,1432
194,17,98
408,261,4598
274,18,981
890,368,595
523,68,621
797,550,3189
215,71,2442
176,525,466
108,368,1263
41,397,1504
419,217,2598
733,68,744
373,60,4051
823,518,1263
141,492,409
780,64,3947
947,498,3198
320,68,1189
207,488,433
212,397,2848
487,495,1263
962,82,1298
106,68,487
75,37,149
205,368,3082
295,82,1298
627,666,653
952,14,4082
601,505,1559
18,868,2759
592,488,433
430,82,1298
709,492,409
691,60,4046
267,492,409
515,55,4328
515,38,4047
848,225,268
891,492,409
881,390,4
656,68,3178
649,518,1263
668,397,1650
566,225,1825
396,488,433
461,38,4052
175,495,1263
72,492,409
617,68,1225
277,390,586
814,82,1988
85,55,4771
85,38,4331
416,82,1298
702,50,2066
146,183,3190
268,277,2410
324,68,3250
342,585,681
733,390,1742
755,212,2909
816,492,409
959,550,2051
646,101,3034
739,548,1263
379,346,1504
139,390,3209
538,488,433
252,277,4600
639,15,4059
818,493,1263
112,225,1230
355,534,610
881,68,2053
984,186,1263
759,183,3190
197,726,194
840,492,409
343,68,1735
138,530,591
610,82,1263
658,1,1527
811,24,3861
811,765,1431
694,60,2530
622,390,586
396,346,1504
605,64,2836
239,397,4621
814,390,586
494,368,3082
555,397,2848
745,277,4603
816,225,1229
947,492,541
36,277,1467
446,368,3082
980,277,4281
763,493,1263
482,277,183
905,109,1334
247,82,1975
549,585,3161
66,382,2905
538,585,3161
344,82,2489
843,68,621
30,82,1298
616,563,1263
790,541,929
790,397,3159
857,82,1298
868,1,1527
652,277,4565
698,68,3221
698,397,2561
278,449,1351
870,38,4777
263,488,433
44,580,352
699,551,1263
956,234,941
424,479,1487
876,536,3141
913,68,3256
814,397,2751
792,101,2041
846,362,1263
308,68,4359
523,368,3082
243,390,1263
376,101,914
285,884,2419
938,22,3891
289,397,2478
445,565,549
879,186,1263
869,550,3189
953,492,409
109,488,433
578,82,1298
124,82,1298
941,726,194
707,225,268
188,68,4362
677,390,587
652,189,4568
604,82,2489
191,437,137
650,18,981
345,408,1497
919,488,433
197,218,680
431,579,3264
724,751,3386
600,225,268
706,277,672
133,368,3082
609,492,542
559,397,1650
332,426,54
504,397,3213
520,537,3283
297,409,2413
793,277,4593
945,50,1071
824,68,487
521,488,433
628,530,1263
289,540,433
962,566,2032
432,541,1007
153,189,4568
22,390,586
81,38,4776
456,492,409
122,539,3147
608,518,1263
977,82,1298
346,82,1298
569,68,2031
229,550,3189
350,518,1263
68,82,1207
364,82,1298
931,82,1298
727,277,300
765,142,1533
459,277,674
326,495,1263
315,37,236
915,492,409
85,55,4056
678,409,2414
189,186,1263
886,368,3082
554,103,152
179,183,3190
597,218,680
212,550,1263
551,233,2319
256,488,433
910,18,981
578,566,1263
960,390,3286
539,68,744
456,390,1199
456,368,3082
224,270,795
924,371,1559
114,103,3269
365,492,2113
709,562,544
671,346,1504
450,3,4109
708,38,4052
118,479,1489
580,498,3198
195,368,3082
884,82,1298
933,390,586
49,566,1263
864,225,1263
39,55,4056
584,726,194
221,68,3261
540,492,409
492,43,339
407,277,4576
603,534,2078
741,38,4052
457,38,4052
503,225,409
947,540,433
487,82,1298
409,368,3082
994,218,2044
872,368,1263
238,277,2410
537,390,1263
671,183,3190
688,378,2539
486,492,539
569,568,3235
776,885,134
928,163,2525
277,346,1504
683,487,2942
632,103,56
98,488,433
634,488,433
731,82,1298
357,60,2757
624,229,352
289,68,621
587,559,1263
319,185,1003
675,488,433
804,71,2442
152,452,2758
831,505,352
226,7,34
957,224,2273
754,368,3082
646,488,433
92,50,2065
91,765,1431
612,55,4054
515,38,4053
481,436,203
848,493,2099
794,225,1825
24,495,1263
386,488,433
386,82,1298
251,436,203
39,60,4051
970,277,66
95,382,4282
965,559,1742
661,492,409
25,68,3262
25,488,433
373,55,4055
867,38,4777
820,386,3470
503,488,1228
715,43,339
777,82,1298
371,116,1032
736,526,1263
997,492,1263
456,68,743
318,382,2907
988,397,3213
885,346,1263
280,225,268
33,103,59
897,224,2273
759,492,2113
292,179,3960
292,50,4
850,22,174
655,568,3235
349,68,3102
128,101,914
9,514,352
77,726,194
40,634,3488
332,16,879
965,541,3218
317,397,1263
317,390,586
105,225,268
303,492,542
902,71,2444
23,492,540
775,152,1263
898,18,981
661,225,409
606,204,2726
313,390,1263
381,493,2099
879,82,1298
860,50,1071
866,488,433
260,50,4
581,558,3217
73,38,3586
73,38,4331
831,493,1263
66,149,406
314,68,619
743,492,409
214,770,4090
338,103,3205
801,488,433
984,183,614
651,82,1298
917,277,300
870,38,2135
873,488,433
477,551,3195
735,183,3258
610,101,2039
978,20,2119
39,60,68
771,82,1298
115,50,1250
461,1,4326
461,38,4777
167,38,4053
660,488,433
889,68,1263
57,204,1028
370,368,3082
366,277,4602
98,68,2060
458,634,3487
41,82,1207
816,390,3117
614,368,3082
454,126,40
737,492,409
730,186,1263
730,68,2092
335,103,59
242,536,3141
881,530,745
684,1,1527
410,68,4391
987,492,540
735,186,477
24,217,2605
270,492,542
133,390,1263
388,225,1825
620,68,4085
11,371,352
294,55,4328
389,30,86
156,22,3892
274,277,169
234,487,1914
69,225,1263
862,60,1797
414,82,1298
132,82,1298
230,436,203
732,390,2185
27,277,30
675,225,409
51,103,151
432,346,987
527,397,2751
527,397,2478
949,437,2611
114,225,268
568,22,3533
344,518,1263
546,492,409
920,101,914
325,488,433
723,82,1298
844,346,1504
200,397,1263
561,488,433
486,68,3261
474,488,1228
399,488,433
76,397,1249
825,218,2043
491,505,1559
299,585,3161
115,37,2719
62,530,1263
620,492,409
511,55,4328
95,382,4645
531,390,586
834,82,1298
117,68,4086
271,38,4775
971,390,2063
85,1,4046
744,487,1914
479,492,409
823,68,3686
985,390,2062
357,765,1435
381,540,433
67,225,1263
329,38,4052
587,397,3213
106,550,1263
226,26,36
226,103,56
247,217,1263
286,71,652
139,397,2751
448,22,3891
602,50,4
515,60,4049
693,277,66
580,493,1263
801,68,488
579,68,3255
759,551,1263
220,277,2410
704,103,56
185,488,433
74,82,1298
378,68,620
378,563,547
800,55,4057
571,71,1134
407,666,653
981,225,1263
353,68,2024
201,50,4
886,68,2072
415,212,2909
84,71,2442
212,225,1263
910,277,169
73,55,4057
872,397,2561
403,481,1298
608,82,2489
690,488,433
96,101,914
567,71,1135
616,565,1263
790,540,433
790,492,410
772,488,433
881,492,409
615,452,4
972,22,381
596,225,1263
650,408,1497
550,277,1403
752,550,1263
364,493,2099
933,68,2057
558,566,2027
348,82,2489
29,283,2088
814,488,1228
889,492,409
981,492,409
85,277,300
249,346,1910
523,543,3161
797,68,487
394,225,1263
176,149,2244
963,765,1435
132,225,409
758,750,3952
741,55,4346
140,11,2345
472,505,352
692,390,586
960,536,1263
114,183,3258
301,183,1263
961,553,1263
231,382,4645
3,82,1298
76,397,2751
264,38,4331
264,38,4776
770,390,2062
573,390,587
341,390,586
248,492,409
622,183,3190
529,488,433
213,277,30
317,397,1504
326,726,194
631,277,673
14,183,1263
69,218,2043
61,82,2489
177,579,3264
507,186,1263
373,60,68
796,224,2273
141,225,1263
489,183,3190
736,390,606
187,489,2945
482,55,4770
988,397,1249
988,82,1298
568,372,4
509,55,4327
638,101,2039
56,68,3227
984,492,409
195,217,2598
475,277,66
770,68,3279
321,82,1298
714,82,1298
914,243,883
783,163,2525
523,397,1263
898,409,2414
15,38,4331
507,68,1986
342,397,2838
628,82,1298
309,277,4590
289,554,1263
785,277,4597
587,82,1298
879,225,1263
384,488,433
849,50,1071
73,55,4329
681,277,4281
469,64,1357
411,55,4056
592,68,2034
382,583,1263
843,560,1263
977,495,1263
426,382,2907
954,492,541
752,726,194
134,82,1298
593,183,3190
80,68,3261
317,541,1007
903,277,1486
262,82,1298
814,397,1650
966,68,3089
157,68,3157
506,566,1263
1,2,148
847,103,152
25,225,268
932,68,3221
524,277,4617
339,488,433
342,488,1228
34,225,1825
944,82,1298
307,277,2405
703,218,680
109,492,410
402,492,409
530,277,2409
284,566,1263
960,225,409
716,183,3190
81,55,4056
646,492,409
203,277,2431
66,382,2907
518,101,914
429,101,3246
729,68,2105
891,225,1263
259,390,2062
259,225,409
8,492,409
350,68,1263
595,882,1016
68,390,1199
829,16,880
273,101,3246
536,518,1263
299,505,1559
388,101,914
965,225,268
647,55,4057
683,487,380
479,390,586
1,1,1433
1,1,1528
52,532,3132
697,390,1263
697,346,1504
320,541,1584
896,666,654
551,6,3954
869,492,2113
663,186,477
231,163,1485
885,495,1263
723,68,1137
259,82,1298
832,551,1263
6,42,20
281,277,3468
870,1,4326
870,38,4052
263,82,1298
589,103,56
77,550,2051
352,277,670
599,277,4594
326,346,1504
838,390,1263
660,50,2065
591,534,2078
986,186,2403
189,492,409
219,64,3475
373,55,4327
564,82,1208
289,559,3215
962,68,2031
681,633,644
247,68,2342
168,277,4576
490,518,1263
549,346,987
568,37,149
612,430,227
334,225,268
764,150,4002
844,495,1263
154,277,1403
560,68,754
478,666,1263
44,225,3265
779,68,2067
296,492,541
130,526,1263
101,50,4
464,82,1298
28,50,969
441,109,1334
248,488,433
332,6,29
85,55,4770
797,495,1263
394,283,2088
528,536,1263
587,543,681
736,529,1263
295,543,1263
601,488,1228
110,50,1071
716,368,3082
94,82,1298
927,368,3082
941,492,2113
122,390,587
502,101,3211
977,368,3082
103,488,1228
837,277,4576
65,82,1263
919,550,2051
700,196,3085
710,368,3082
779,488,433
859,68,2070
656,492,541
766,37,377
800,60,4049
810,225,1825
810,101,3245
396,495,1263
70,101,914
803,210,1161
834,584,1263
156,163,2525
993,346,1504
190,68,527
85,38,4774
416,488,433
58,277,4587
127,492,2113
590,224,2273
373,60,4046
796,71,1135
212,390,586
289,397,1249
879,183,613
149,551,3194
831,346,1263
737,346,1504
567,224,2273
231,382,2905
302,765,1435
708,60,4326
154,666,4580
580,397,2561
973,277,3482
501,26,36
183,38,4775
870,277,300
933,82,1298
819,730,3854
806,488,433
809,68,2068
899,71,2444
771,390,605
574,82,1298
765,149,105
80,580,352
576,68,2059
414,579,3264
761,277,675
177,390,1263
606,163,2525
921,583,1263
16,60,4050
256,82,1298
763,368,3082
205,390,586
178,277,4574
822,540,433
959,183,3190
499,103,56
941,488,433
314,82,1298
546,770,1263
843,397,1249
653,378,4180
575,430,4045
616,101,2039
586,18,981
88,536,1263
973,149,112
759,368,3082
937,82,1298
475,277,67
541,277,2407
643,277,4606
299,493,1263
809,183,1200
807,566,1263
771,488,433
461,55,4327
511,60,4046
241,505,1263
190,492,1263
523,397,2478
89,488,433
126,277,2406
419,505,1559
552,492,409
196,492,409
120,38,4331
780,750,3951
985,225,409
423,532,3132
172,277,675
473,726,194
247,488,1228
124,488,433
924,68,3253
391,243,1263
549,488,1228
885,68,488
877,38,4052
32,82,1298
875,550,2051
477,488,433
404,541,1584
840,488,433
491,346,987
134,50,4
133,726,194
386,68,487
864,101,3192
882,397,1650
434,488,433
241,541,1263
370,492,2113
971,82,1298
439,277,2404
313,488,433
733,368,3082
489,368,3082
867,1,4326
503,397,1263
205,726,194
318,22,3891
150,225,1825
379,492,409
546,225,1825
707,183,3259
638,562,3238
30,526,1263
730,488,433
438,580,352
465,488,433
163,277,3482
355,82,1298
569,488,433
195,397,1263
859,251,2380
916,82,2698
806,530,1263
138,529,1263
441,71,2442
899,885,2273
288,11,119
746,530,3130
647,60,4326
374,390,587
79,68,4646
234,242,987
485,225,1825
824,82,1298
99,495,1263
285,210,1161
780,5,878
780,751,3386
947,493,1263
921,492,2113
423,186,1263
869,68,487
967,397,2751
980,730,3854
585,189,4567
432,585,681
527,397,3213
379,390,586
48,565,545
582,397,2838
430,68,2024
874,488,433
982,68,3944
667,68,2053
399,50,2065
832,492,2113
596,82,1298
655,68,2024
13,488,433
713,408,1497
312,532,3134
895,154,899
559,541,1007
511,38,4052
11,68,2058
574,68,2034
79,82,1298
253,50,950
55,488,433
452,488,433
339,492,410
725,68,1263
405,390,1263
162,183,3258
921,539,1263
938,382,4282
329,38,4777
256,550,2051
687,68,4085
539,492,2113
952,2,2720
888,71,2442
548,346,1294
502,492,542
575,55,4327
349,183,613
542,378,4036
668,505,1559
968,277,2409
386,183,3190
965,390,2787
241,495,1263
683,489,2945
416,495,603
234,487,2301
862,121,1351
363,1,2620
963,60,2757
741,126,228
597,726,194
836,437,2611
362,82,1298
901,225,409
736,218,2044
187,487,2301
905,884,2417
395,492,409
515,55,4327
242,68,2067
183,126,40
442,666,653
825,50,4
684,1,1528
987,580,352
829,2,2720
806,82,1298
584,390,586
115,103,152
746,82,1298
511,55,4056
776,210,1161
459,71,2443
928,277,3482
966,368,1263
466,492,409
588,225,268
555,68,487
590,666,653
55,68,2031
606,252,4293
120,60,4051
179,346,1504
525,488,433
953,518,1263
362,584,1263
78,50,2100
73,60,4050
432,493,2101
912,82,1298
737,551,1263
549,225,410
48,82,2379
314,543,681
347,765,1435
868,1,1525
431,492,539
185,568,3240
264,55,4056
909,43,339
312,82,1298
939,149,226
131,50,4135
29,82,1298
810,68,4087
511,38,4047
175,368,3082
72,368,3082
406,492,2113
360,103,152
647,60,1468
504,397,1249
504,559,1263
902,884,4
145,488,1228
14,726,194
999,411,4
342,541,1584
164,390,586
958,374,378
320,495,1263
423,534,1263
36,38,4777
473,488,433
675,390,606
585,277,4565
372,568,2030
18,765,1431
397,224,2273
602,20,2119
66,212,4
548,225,268
412,71,1134
638,492,409
781,250,208
885,225,268
787,277,2404
579,68,4351
76,543,681
659,37,13
74,492,2113
679,730,3854
656,397,2838
299,397,1650
29,514,1559
607,495,1263
722,436,203
517,492,409
504,397,891
798,37,37
23,390,3268
23,225,268
526,82,1298
46,82,699
468,68,3261
867,126,4045
587,368,3082
27,408,1497
472,492,410
988,540,433
448,212,2909
180,225,1230
548,493,1263
91,382,493
344,225,1825
509,38,4052
421,541,1007
421,488,433
214,68,4086
818,498,1263
688,765,1540
103,579,3264
712,885,2265
21,765,1435
399,390,586
356,390,3285
336,277,4576
684,1,1433
779,390,606
273,518,1263
806,492,1263
312,533,1263
24,585,3219
724,765,1435
934,82,1298
270,68,3228
978,378,2539
396,726,194
117,770,4089
517,225,268
792,68,3226
798,103,55
407,224,2273
79,50,2066
23,82,1298
775,68,728
50,562,543
401,368,3082
879,581,1263
703,225,1263
860,37,236
284,492,409
311,22,3533
912,488,433
454,277,183
392,368,1263
842,149,105
712,109,1334
191,436,203
759,390,1263
356,488,433
336,71,1135
296,558,3217
644,277,2407
270,488,433
900,68,3254
223,68,4349
574,225,268
500,163,2525
555,225,1263
41,390,1263
628,488,433
758,2,2720
528,492,409
212,397,2838
142,103,2911
778,93,1998
435,492,409
472,368,3082
260,488,433
581,397,2561
959,492,409
959,225,1263
91,163,2525
338,225,409
973,277,4684
323,55,4346
854,153,954
364,492,409
828,492,2113
858,183,1263
807,488,433
574,492,409
517,82,1298
303,488,433
57,163,2525
190,225,1263
744,344,2937
15,38,4047
452,82,1298
376,225,1825
521,68,2069
796,666,653
731,488,433
162,186,477
614,551,531
587,397,2478
849,103,59
418,82,1298
613,277,3482
260,225,1263
960,488,433
601,493,2099
139,397,1249
888,277,4592
654,492,2113
122,68,3280
515,55,4055
421,585,3161
877,55,4056
973,163,2525
292,750,3951
166,68,1263
26,765,1435
685,22,3892
829,50,4
74,540,433
130,488,433
611,50,3945
396,183,1263
62,492,409
993,550,1263
923,550,2051
234,487,2322
523,225,1773
932,540,433
823,371,352
207,183,614
20,68,4085
551,20,2117
703,68,2073
256,368,3082
279,382,493
951,277,2440
187,481,1298
311,105,2451
822,225,268
37,488,433
124,68,488
602,752,4516
925,225,1263
709,82,699
546,101,914
293,430,4045
438,579,1263
163,730,644
200,68,554
400,82,1298
65,368,3082
984,68,609
292,16,880
673,82,1209
93,488,433
322,50,1071
835,50,1071
694,60,2528
461,38,4775
757,488,433
529,68,2067
434,346,987
271,38,4774
85,55,4773
85,1,4326
144,68,601
758,64,3950
731,390,1263
867,55,4770
985,68,2055
778,149,112
952,16,879
548,82,1298
347,386,3470
688,6,3955
688,179,3959
65,492,409
749,277,4576
225,492,409
292,68,4024
990,488,433
166,225,1263
974,492,2113
870,277,183
598,82,1298
656,397,2848
321,551,531
378,225,268
29,488,433
396,218,680
70,82,2489
328,71,2444
576,50,2065
331,586,1055
83,68,3098
507,368,595
196,68,3227
958,3,4363
624,287,1263
778,68,1204
869,551,3194
613,149,105
375,82,1298
454,55,4770
602,16,880
411,55,4770
582,493,2099
691,60,4051
710,225,268
668,493,2100
223,68,4464
47,68,589
807,68,3227
396,550,1263
993,551,1263
167,60,68
277,551,1263
660,82,1298
640,277,4574
814,493,2099
198,488,433
176,258,3106
485,82,2489
373,38,4052
717,277,968
120,60,4046
551,378,2539
16,38,4052
36,55,4771
487,225,1263
872,82,1298
805,492,541
318,163,1485
812,68,3102
135,37,13
693,730,3854
671,726,194
304,225,268
229,492,409
263,68,1263
364,397,2561
343,82,1101
461,55,4056
72,183,1263
965,559,1263
221,580,352
993,183,1263
360,37,236
591,488,433
789,492,409
266,408,1497
219,50,4
196,566,1263
823,101,914
731,726,194
457,38,4775
457,38,4777
624,258,3106
482,126,4045
784,390,3183
203,71,1134
443,568,3239
125,390,4
293,55,4328
705,225,1263
973,765,1431
759,726,194
544,243,1263
795,225,1263
875,390,1263
875,183,1263
656,225,1263
24,492,2113
939,142,3975
724,5,879
441,411,4609
864,82,1298
90,225,1229
882,505,352
389,274,132
993,82,1298
591,492,409
69,50,4
976,252,2
852,492,410
196,82,1298
179,390,1263
362,390,2063
994,390,1199
73,38,4330
739,101,3193
470,68,2057
750,566,2032
411,126,4045
45,218,2043
334,82,1298
325,571,1263
280,551,531
65,545,601
972,37,2115
292,765,1435
195,488,433
390,488,433
684,1,1523
93,68,2057
770,82,1298
165,98,140
49,492,409
29,68,527
880,68,1263
406,551,3194
156,765,1435
993,492,409
913,225,1825
190,82,1298
353,568,3241
219,765,1435
945,103,151
419,68,554
535,479,1488
886,225,268
733,82,1208
867,38,2135
230,237,966
921,488,433
728,225,1263
732,243,2283
361,60,4344
81,38,4052
139,554,3206
657,225,1263
897,71,1134
467,718,4696
752,225,1263
296,397,2561
218,225,268
724,752,4
573,526,1263
882,68,554
352,666,1263
493,163,2525
757,68,726
647,55,4329
520,488,433
981,183,614
524,71,2442
313,495,1263
758,179,3959
489,488,433
34,82,1263
503,397,2838
256,183,3190
444,68,2053
905,411,4609
716,492,2113
114,488,433
470,488,433
843,397,1263
537,225,3265
438,492,1263
891,82,1097
355,186,1263
242,183,1263
710,543,681
710,397,1249
598,50,2066
202,60,2157
594,492,541
649,82,2489
386,346,1504
809,492,409
800,55,4328
9,512,1263
533,368,3082
40,765,1435
605,765,1431
31,101,3246
500,382,493
326,390,586
427,492,410
370,183,1263
719,60,4345
176,287,3110
867,38,4776
780,765,1435
457,55,4056
551,765,1435
869,82,1298
446,540,433
402,390,606
402,488,433
284,488,433
822,541,929
254,550,1263
372,492,409
22,531,1263
247,541,3158
848,82,1298
338,82,1661
200,585,3160
935,287,110
850,277,1553
442,224,2273
26,739,2258
93,218,2044
93,82,1298
349,488,433
762,277,3107
138,68,2053
321,492,2113
321,225,268
593,346,1504
589,277,1553
386,390,586
386,368,3082
294,60,68
520,492,409
889,488,433
50,492,409
523,560,1263
189,582,3274
453,568,3235
503,397,1650
472,217,1263
539,82,1208
585,189,796
601,585,681
469,16,879
568,372,4465
267,183,1263
515,60,4061
259,488,433
467,217,4390
854,98,896
990,68,2053
633,885,2265
859,183,4555
828,183,1263
130,368,3082
679,635,3492
573,495,1263
9,283,2088
622,68,488
771,225,1263
930,68,1263
461,55,4770
461,277,1467
352,71,1134
72,68,1263
294,60,4326
221,579,3264
531,492,410
647,430,4045
190,226,1263
577,277,2410
890,397,2561
588,492,409
15,60,4326
176,229,352
852,68,3157
177,225,268
728,50,1255
813,495,1263
205,488,433
155,568,3235
403,555,2274
283,68,2059
737,390,1263
139,82,1298
383,488,433
721,540,433
257,3,4755
688,2,2720
677,68,2068
170,277,4575
8,568,2030
44,68,3261
828,390,1211
547,277,2405
829,50,950
54,22,174
386,550,1263
559,493,2099
451,82,551
80,390,1263
317,217,2598
923,183,3190
902,411,4
14,488,433
85,55,4327
744,487,870
744,488,433
555,551,531
177,580,352
111,537,1263
718,225,1263
823,82,2698
460,541,1584
380,103,152
736,495,1263
581,492,409
601,397,2751
940,71,1134
48,101,2040
411,277,300
582,397,1650
709,563,1263
412,666,653
723,492,1263
954,68,2025
982,50,21
677,251,3260
44,488,433
38,390,4
185,571,1263
101,37,377
228,488,433
385,82,1101
533,397,1650
914,82,698
413,1,2615
332,64,1357
514,50,2066
493,277,66
282,22,3460
434,397,1650
913,82,2489
989,186,477
504,397,2478
821,1,3480
308,82,2489
129,488,1228
528,183,1263
944,488,433
799,390,586
716,495,1263
22,68,1263
155,492,409
988,397,2478
314,397,1249
422,225,1555
857,492,409
200,541,1263
222,182,71
287,437,4
166,529,1263
955,82,1298
76,540,433
321,346,1504
931,183,1263
424,98,140
666,488,433
9,82,1298
584,183,1263
406,495,1263
913,518,1263
838,82,1298
217,770,4089
269,390,4008
775,481,1298
588,68,3222
394,68,527
146,368,3082
98,50,2065
419,493,2100
521,537,2071
120,55,4056
528,390,606
597,492,409
245,277,1263
67,488,433
36,55,4346
36,38,4331
879,488,433
967,225,1263
256,390,586
460,68,1189
512,50,4135
488,225,1825
831,68,1263
275,189,4568
663,225,268
920,225,1825
154,71,1840
794,371,352
76,541,3204
734,488,433
264,55,4327
496,82,2379
908,390,606
931,550,1263
299,495,1263
809,251,2380
965,397,2751
192,885,2265
834,225,1555
504,561,1263
145,534,1953
249,540,433
523,390,1263
189,68,611
964,68,2061
219,751,3469
363,436,206
628,50,4
597,368,3082
12,368,3082
381,492,409
736,68,1263
187,488,433
444,530,3130
601,541,1584
872,492,409
927,492,409
391,82,721
670,492,409
612,37,90
537,68,3261
30,368,3082
818,82,1298
257,386,3470
696,82,1263
292,5,878
875,495,1263
404,397,2848
404,397,2751
60,570,3242
101,50,1071
593,68,487
534,488,433
899,884,4
40,163,2525
511,55,4329
175,505,352
500,382,4282
989,68,1979
167,55,4327
494,397,1650
497,533,1263
744,345,273
121,82,1298
363,237,966
99,726,194
52,492,541
120,38,4053
209,82,1298
901,82,1298
980,277,3482
681,163,1485
784,68,601
403,225,1263
519,11,58
314,540,433
59,545,2106
436,218,2043
200,397,1650
204,68,2024
486,225,268
676,251,2380
700,68,1987
390,225,1230
699,225,1230
686,430,227
734,225,409
264,55,4346
931,225,268
566,101,3246
463,43,339
463,237,966
607,541,1584
413,436,2612
211,225,268
271,38,4776
789,68,2069
890,552,3200
1,1,1525
215,277,4592
108,82,1298
41,550,2051
731,551,531
457,277,183
423,488,433
418,532,2079
140,765,1435
472,346,1263
187,262,1437
295,397,1263
73,60,4325
152,117,4083
905,71,2442
601,397,2848
920,68,4085
412,277,4574
438,390,606
639,250,2759
906,68,3101
708,60,4061
200,493,2099
103,390,3267
170,71,1263
973,730,3854
544,225,268
650,277,30
134,492,409
828,68,487
475,730,3854
900,225,1825
228,492,2113
647,60,4046
494,346,1912
923,346,1504
419,541,1007
551,50,950
487,530,745
409,101,1206
613,277,494
260,82,1298
716,726,194
959,346,1504
432,217,2598
318,382,2905
812,225,268
657,390,1211
395,68,2024
843,397,741
428,22,174
438,82,1298
650,409,2414
478,71,1134
76,368,3082
873,82,699
44,390,1263
871,277,2407
770,488,433
321,726,1263
378,101,2039
9,492,2113
611,37,377
64,492,541
221,225,268
540,390,587
540,183,4555
241,346,987
726,277,3482
249,493,2099
111,183,1263
669,210,1161
886,488,433
342,397,1650
552,68,4085
503,346,987
164,492,409
760,82,1298
572,163,42
950,277,2406
209,68,1263
879,68,1263
446,225,268
557,68,3261
997,225,268
988,397,741
344,68,4361
691,60,68
781,743,4419
304,82,699
579,101,3245
917,1,4046
336,666,1263
197,492,409
684,1,1526
598,225,409
685,212,4
74,368,3082
806,529,1263
589,37,299
774,492,409
228,541,1007
771,218,2044
559,585,681
765,150,4003
993,390,1263
504,560,1263
492,436,203
943,71,2442
665,68,1225
46,68,1980
419,492,2113
230,43,339
944,567,3230
958,37,4194
563,277,1044
802,225,1229
802,488,433
380,50,4135
557,579,3264
295,68,619
582,68,554
334,390,1263
638,68,3225
843,390,3209
961,225,268
743,488,433
708,38,4331
837,666,653
759,68,487
278,448,2729
53,60,1797
825,390,4
264,55,4772
594,346,987
228,585,3161
72,390,1263
776,71,2442
317,505,1559
167,38,2135
504,397,741
494,493,1263
297,277,31
966,488,433
271,277,1468
458,633,3485
120,430,4045
627,71,1135
82,666,1263
203,224,2273
549,397,1650
941,68,487
365,581,1263
750,68,2031
592,492,409
538,346,987
691,38,2135
125,60,2102
148,225,268
843,82,1298
347,68,3944
450,3,992
88,183,1263
982,64,3947
579,371,352
173,225,3265
462,658,4
724,68,3944
600,68,3225
600,562,544
900,101,914
803,411,4609
993,68,487
277,492,410
981,488,433
846,390,2184
331,762,4009
324,371,1559
171,346,1263
731,183,1263
34,68,1263
820,6,3955
207,82,1298
316,82,1298
763,397,1650
994,530,1263
375,68,2024
499,277,1553
448,382,4282
92,68,3279
411,277,1467
411,1,4046
208,68,3102
885,550,2051
818,492,409
561,82,1298
346,488,433
676,68,2068
854,154,900
138,492,409
321,488,433
573,225,1263
128,225,1825
341,68,2056
341,50,2065
622,550,2051
993,495,1263
647,55,4055
227,492,409
726,277,4281
492,437,2613
507,243,2274
52,82,1298
741,38,4331
320,493,2100
728,368,3082
16,430,4045
967,390,586
446,397,2561
75,37,2115
601,397,1504
153,873,1383
290,224,2273
455,183,3259
246,488,433
848,368,3082
302,37,37
257,179,3959
486,390,1065
652,872,43
13,68,3178
26,11,58
60,68,2025
10,437,138
983,488,433
807,567,1263
800,55,4327
40,277,494
647,60,4061
814,217,2598
342,346,987
373,55,4056
760,495,603
587,390,1263
587,225,268
472,541,1007
444,492,409
979,277,213
693,765,1431
575,38,4331
347,750,3951
368,183,614
817,225,1825
865,492,409
166,531,1263
875,82,1298
431,68,3261
265,68,527
658,1,1526
609,570,1263
62,526,1263
192,109,1334
928,633,644
504,543,3219
440,390,2062
936,277,4589
353,488,433
83,534,1263
634,346,987
132,390,586
715,237,967
487,68,2053
778,242,987
460,397,1650
946,18,981
687,101,914
578,567,1263
585,189,4447
585,189,4568
548,492,409
163,634,3488
338,545,601
919,390,586
550,71,1840
752,551,1263
404,505,1559
573,68,3101
341,488,433
807,82,1298
800,60,4051
282,751,4039
965,397,891
221,390,1065
757,225,268
647,38,4331
504,540,433
206,224,2273
890,68,3221
523,397,2751
555,390,1214
363,437,4
758,3,4756
985,488,433
212,183,1263
962,568,3235
763,492,410
866,243,883
960,68,2067
254,390,618
226,37,37
365,183,613
582,346,987
443,570,3243
904,437,137
844,550,2051
200,346,1912
257,765,1431
688,765,4690
982,751,3386
8,488,433
65,101,1206
595,261,4599
345,18,981
978,386,3470
90,488,433
29,513,2081
771,531,1263
810,770,4089
175,68,1189
389,542,3980
440,50,2065
814,50,2099
401,68,1263
820,750,3952
820,751,3469
896,224,2273
551,751,3957
551,752,4516
295,397,891
51,50,1071
527,68,678
519,765,1435
568,37,180
654,101,3192
546,68,4085
515,60,4046
537,579,3264
208,82,1298
575,55,4328
465,68,3101
671,368,3082
359,11,2344
188,82,779
580,225,268
298,277,4587
917,55,4056
544,68,3089
865,518,1263
788,666,1263
560,481,1298
713,409,2414
477,550,2051
598,584,1263
685,163,1485
594,488,433
605,378,2539
317,397,2838
277,68,3178
664,277,4606
303,82,1298
14,550,3189
243,495,1263
419,488,433
855,277,2915
597,488,433
207,183,613
381,68,1225
564,390,586
994,488,433
581,540,433
295,397,3213
952,6,81
254,218,680
432,492,2113
94,183,614
812,82,1298
114,186,477
690,183,3258
436,530,3130
730,225,1230
481,43,339
790,543,3160
561,68,2025
33,50,3596
56,82,1298
195,493,1263
183,38,4774
296,368,595
735,495,603
679,277,3482
900,371,1559
49,570,1263
573,531,584
800,60,183
11,518,1263
965,368,3082
434,541,1007
227,225,1263
619,38,4052
971,488,433
890,225,268
744,481,1298
852,397,3159
820,378,2539
697,551,531
503,397,1504
587,561,1263
703,390,1263
613,277,67
831,492,410
716,82,1298
114,495,603
602,50,2550
417,225,2113
707,103,3269
436,488,433
42,68,3104
325,82,1298
280,82,1298
287,43,339
854,277,62
356,50,2066
312,488,433
321,390,1263
593,82,1298
49,571,1263
880,183,3149
556,277,4587
620,225,1825
116,68,727
733,225,1263
887,1,2199
123,770,4090
503,505,1559
142,37,37
711,408,1497
106,346,1504
435,225,268
73,38,4047
952,426,54
670,549,1263
969,71,652
421,505,1263
575,60,4326
280,488,433
712,210,1162
973,635,3492
651,225,1263
210,186,1263
343,888,2085
734,50,2065
74,225,268
970,633,644
493,633,644
211,68,3226
923,225,268
111,492,1263
285,277,4606
300,277,30
415,163,2525
732,225,268
460,492,2113
948,82,1298
247,493,2099
754,488,433
403,492,1263
392,82,551
602,765,1435
941,225,268
518,68,4464
657,550,1263
334,726,194
857,567,1263
868,1,1433
250,277,1403
973,633,3484
917,38,4331
86,163,2525
495,261,4599
974,488,433
934,488,433
900,518,1263
133,183,3190
251,43,339
993,218,680
277,550,3189
374,492,409
249,492,541
815,218,2043
398,518,1263
89,568,1263
433,225,1230
179,488,433
867,38,4775
816,368,3082
446,82,1298
109,346,987
613,277,3483
149,495,1263
804,277,4591
808,101,3192
654,82,1298
657,397,2838
382,68,3280
267,225,409
575,55,4055
257,765,4690
292,64,3947
875,551,1263
673,390,586
404,50,2099
475,277,494
475,633,3485
130,225,1263
735,488,433
312,183,612
610,565,549
674,225,268
978,751,2125
476,277,2406
39,38,4052
605,16,880
768,633,3485
160,154,900
116,488,433
981,534,610
14,346,1504
157,540,433
506,488,433
820,765,1540
457,38,4774
309,71,2442
564,368,3082
212,492,409
20,770,1263
992,105,2450
454,38,2135
454,1,4326
365,68,2092
365,82,1298
653,372,4229
450,37,2749
848,540,433
562,19,2525
832,82,1298
710,397,2751
404,585,681
636,163,2525
10,43,339
24,68,1189
931,390,1263
694,37,4127
584,492,409
607,488,1228
72,526,1263
406,550,3189
105,390,3267
783,765,1435
253,16,880
274,408,1462
497,82,1298
50,225,268
555,397,2751
555,397,2838
219,179,3959
176,488,433
572,757,26
958,60,3859
27,18,981
901,390,586
337,101,914
910,408,1463
488,82,4092
254,495,1263
81,38,4331
403,488,433
548,68,1225
721,225,268
325,492,409
259,68,2061
747,38,4053
677,183,230
696,488,433
292,378,2539
870,38,4774
829,5,878
447,224,2273
864,548,3187
228,217,1263
536,101,3246
914,186,1263
833,488,433
757,82,1298
993,726,194
814,346,468
702,584,600
489,68,3178
813,225,1263
329,38,4774
802,492,409
319,718,4696
78,585,681
582,397,2848
925,68,694
429,225,1825
982,3,4754
33,37,236
76,68,2789
735,103,4348
931,346,1263
378,492,409
161,68,1263
970,635,3492
811,452,4
317,368,1263
683,242,987
726,730,644
619,55,4329
852,540,433
521,390,606
52,68,3102
498,149,105
867,38,4052
457,55,4770
503,50,2100
572,542,3981
587,397,1263
879,534,1263
142,60,2530
444,488,433
905,210,1162
81,55,4771
168,666,653
739,82,1263
139,397,2478
637,22,174
174,68,1263
351,770,1263
655,488,433
700,410,1263
68,225,1263
475,635,3492
594,243,2283
28,37,13
666,68,3227
451,138,1263
514,225,409
317,585,681
387,488,433
555,183,3190
108,540,433
528,537,1263
958,60,2757
564,492,409
329,126,4045
525,570,1263
418,225,1263
375,492,2113
110,103,151
432,495,1263
153,875,4570
22,225,1263
812,532,3133
842,150,4003
200,397,1504
200,397,2751
88,68,2067
832,550,3189
870,55,4327
404,493,2099
343,225,409
829,179,3959
978,750,3952
64,68,2053
326,492,409
928,634,3487
660,390,2062
665,152,1017
523,397,891
797,551,3194
414,492,539
324,518,1263
376,518,1102
453,68,2024
453,488,433
628,390,4
758,386,3470
186,925,4781
760,183,3258
958,60,3857
354,68,1263
518,225,1825
843,560,2790
257,20,2119
973,277,494
158,204,1028
795,82,1298
875,225,268
955,68,2059
870,126,40
390,82,1298
210,488,433
840,495,1263
491,68,1189
682,492,541
299,217,1263
288,765,1431
62,225,1263
746,488,433
239,680,3208
241,217,1263
277,488,433
504,68,2788
89,571,3244
780,378,3956
162,68,533
597,551,3194
740,740,1430
572,542,3980
813,68,1263
587,540,433
967,397,1504
140,952,4932
527,82,1298
454,55,4056
397,71,1135
737,82,1298
125,225,539
608,101,914
848,498,608
474,225,413
350,371,352
364,68,1225
937,488,433
699,368,3082
491,217,2598
779,183,1263
321,183,1263
931,726,194
727,924,71
864,68,1418
228,346,987
880,368,595
611,37,236
746,68,2053
529,225,409
814,68,554
520,225,3287
634,217,2600
503,397,2848
614,68,487
777,488,433
813,50,4
258,82,1298
289,541,3218
73,60,4046
81,38,2135
379,551,3195
637,37,299
709,68,3225
148,558,3217
723,225,1263
708,55,4055
562,255,4
323,55,4770
327,492,410
345,409,2414
431,225,1263
264,277,1468
24,346,987
566,82,2489
617,185,1003
277,368,3082
664,884,2449
271,55,4056
783,277,494
971,390,1263
695,225,268
665,909,1263
401,492,409
661,183,1200
394,513,2086
132,488,433
373,38,4047
468,579,3264
123,68,4085
921,68,2068
446,498,3198
732,515,3081
473,390,1213
736,50,4
994,529,1263
784,225,409
912,225,1263
168,71,1135
150,518,1263
538,217,2604
63,217,1721
96,68,3250
781,15,4059
616,82,1263
917,55,4770
449,666,1263
673,68,743
76,82,1298
210,492,409
491,368,3082
806,526,1263
668,397,2838
128,371,352
800,55,4056
533,492,410
791,224,2273
116,390,1263
981,68,3098
253,752,4033
678,18,981
780,2,2720
329,277,1468
763,488,433
736,82,1298
952,275,4628
455,82,1298
97,218,680
657,397,2848
429,82,2489
428,277,1553
293,38,4052
347,752,3953
891,390,1742
700,517,3086
684,2,148
60,488,433
10,1,2616
496,68,3226
895,153,954
321,550,1263
807,571,1263
882,488,433
175,492,541
95,163,1531
213,409,60
213,18,981
156,382,4685
303,568,3235
468,225,268
996,43,339
614,726,1263
289,397,1263
487,492,541
460,346,1912
295,541,3204
482,38,2135
716,488,433
721,82,1298
148,557,3220
515,38,4052
347,378,3956
450,60,3858
400,492,409
495,882,1016
404,217,2603
130,390,4
24,493,1263
333,129,685
128,82,2489
800,60,4050
559,488,433
159,101,914
413,237,966
791,277,4574
838,68,1263
726,765,1431
815,492,409
15,60,68
219,750,3951
942,277,4281
414,225,1263
718,82,1298
741,38,2135
357,37,2749
816,68,2053
209,526,1263
623,408,1497
962,492,413
967,397,2848
460,585,681
367,492,409
361,55,4054
675,68,2068
254,183,1263
957,71,1134
391,488,433
66,382,493
66,382,4025
421,397,1650
42,287,783
214,518,1263
257,750,3952
304,362,477
759,225,268
292,2,2720
865,68,4086
477,82,1298
828,551,3191
264,126,4045
130,68,2053
806,495,1263
161,390,605
970,730,3854
385,225,542
199,60,68
317,493,2099
160,98,896
814,368,595
370,390,588
999,277,4607
177,492,540
741,55,4770
4,584,1263
820,2,2720
697,488,433
947,368,3082
813,488,433
785,261,4599
959,390,586
150,82,2489
549,541,3288
602,6,3955
721,558,3217
753,60,1797
421,368,1263
486,579,3264
65,68,1418
651,530,3130
195,505,1263
404,397,1650
491,397,1650
679,765,1431
668,397,2751
934,225,268
545,277,2406
931,551,1263
348,68,3255
128,68,2572
978,5,879
714,579,3264
574,488,433
427,346,987
262,488,433
370,82,1991
271,55,4770
271,55,4773
190,512,1263
618,390,4
964,488,433
953,225,1825
78,68,1263
527,390,1263
150,101,914
443,68,2025
267,488,433
231,22,3892
747,430,4045
200,82,1300
562,254,1406
712,71,2442
477,183,3190
734,390,2062
87,346,987
800,38,2135
533,505,1559
930,101,914
282,170,3459
241,493,1263
647,55,4056
975,68,1263
853,71,2442
79,488,433
234,487,870
69,390,4
555,397,1504
634,493,2099
132,68,3282
342,397,2751
855,98,4
697,183,1263
944,570,1263
311,37,149
311,372,2428
18,868,209
379,68,487
59,548,3188
569,82,1298
676,535,3138
21,1,3480
801,550,2051
323,1,4326
467,185,1005
686,163,1485
659,50,1071
296,68,3221
839,277,30
312,68,3102
47,225,268
807,570,1263
559,68,2048
317,225,2113
211,101,2041
253,6,3955
695,492,409
603,183,614
466,225,1263
266,18,981
61,68,1356
108,492,409
489,492,410
777,492,409
16,55,4328
446,346,1910
295,397,1249
912,492,409
754,82,1298
454,38,4331
773,872,69
670,101,3193
693,277,3482
280,550,1263
977,183,1263
982,179,3959
351,101,914
633,71,2442
349,82,1298
933,488,433
543,430,227
643,885,4
668,68,554
341,82,1298
914,346,1984
396,368,3082
607,397,2848
11,68,4464
493,277,3481
408,882,1016
989,82,699
576,390,2064
814,541,1007
520,251,75
479,368,3082
886,390,1211
457,126,40
289,225,2793
866,138,1263
402,68,1263
73,60,68
482,277,1467
375,488,433
831,488,433
831,495,1263
226,142,144
22,82,1298
805,82,1298
135,50,1071
97,225,268
743,68,3227
708,38,2135
712,277,4606
355,183,614
865,225,1825
173,390,1065
477,346,1504
679,163,2525
248,531,584
9,226,1263
622,368,3082
72,225,1263
965,540,433
786,277,2406
890,540,433
986,68,938
189,488,433
555,390,1263
61,101,914
887,237,966
867,55,4771
867,924,12
921,535,3140
209,225,1263
36,38,4774
849,50,1250
910,409,2415
254,346,1263
432,68,554
392,68,1263
139,541,3218
136,488,433
238,71,2443
63,488,433
751,183,614
891,183,1263
906,488,433
562,275,252
580,68,1225
580,540,433
183,38,2135
795,492,409
278,449,2463
281,22,174
700,243,2274
197,82,1298
598,488,433
264,55,4771
312,534,1263
138,82,1298
133,550,2051
803,885,2265
294,55,4329
244,390,586
406,68,2075
156,212,2908
923,368,3082
846,225,1952
890,82,1298
929,277,2408
219,752,4516
55,566,2027
628,492,409
179,225,268
780,68,3944
836,237,965
329,38,2135
289,397,2751
802,68,2034
581,82,1298
754,492,2113
397,666,4579
391,68,3092
91,382,4282
582,82,1975
729,225,1229
325,570,1263
200,397,2838
426,22,3894
368,68,3098
801,390,1263
794,82,2489
323,55,4771
990,225,1263
919,225,268
166,530,1263
44,492,409
232,101,3246
101,50,3945
839,409,2414
558,68,2031
28,103,152
978,16,880
39,60,4049
9,68,527
533,541,1007
882,346,1263
70,68,4697
360,50,1250
117,492,409
227,390,586
726,633,3484
923,390,586
702,488,433
999,884,4
176,152,1413
398,225,1825
41,225,1263
669,71,2442
554,37,2719
728,492,409
67,346,1263
362,68,2056
946,409,2414
319,488,433
687,492,409
187,487,2942
716,390,1263
286,277,2438
114,68,536
940,224,894
66,382,4685
208,492,409
743,82,1298
743,571,1263
325,567,1263
280,726,1263
977,550,1263
250,71,1230
250,666,654
579,68,4352
919,346,2838
700,225,268
197,346,1504
699,726,194
296,225,1230
134,68,2053
766,50,1242
931,488,433
471,277,46
80,492,410
271,277,1467
253,751,3469
234,487,2943
618,225,539
991,68,4359
255,225,268
419,346,468
717,182,12
141,488,433
887,436,203
613,163,2525
578,568,1263
601,68,554
716,68,3178
81,924,12
184,277,4
379,225,1263
549,50,2099
139,368,3082
411,38,2135
382,390,587
30,488,433
708,60,4049
982,386,3472
1000,277,675
225,183,614
990,492,409
137,277,4281
26,17,97
197,488,433
752,495,1263
404,397,1504
87,585,3219
636,633,3485
643,71,2442
720,277,4600
864,546,2107
622,488,433
914,138,1263
62,495,1263
194,765,1435
40,635,3492
40,633,644
389,757,26
241,585,681
326,183,3190
647,60,4050
619,430,4045
665,185,1005
744,487,2301
526,390,1263
177,68,3261
985,50,2065
503,397,2751
614,550,1263
209,368,595
212,551,742
836,1,719
36,277,1468
371,225,2113
869,225,268
409,546,3182
994,368,3082
254,492,409
247,585,3160
135,103,151
139,397,1263
940,277,670
382,488,433
982,378,2539
918,68,2067
322,103,152
674,495,603
876,225,409
970,277,3481
810,82,4092
62,390,586
40,277,21
617,217,4390
326,225,268
838,50,2066
50,101,2039
243,346,1504
555,492,409
938,163,1485
209,530,3130
473,68,487
205,346,1504
866,68,1263
109,68,1189
959,68,487
949,43,2621
66,382,2906
842,142,1533
670,68,1418
275,189,4566
393,150,4002
291,82,1097
868,1,1524
837,71,1135
474,68,419
323,55,4772
984,533,3136
651,488,433
263,390,586
404,488,1228
819,633,644
223,225,1825
536,68,1263
609,68,2025
913,101,914
227,368,3082
726,277,21
726,163,2525
821,277,3479
497,68,1263
401,82,1298
129,390,586
15,38,4052
219,20,2119
144,101,3192
942,730,3854
526,579,3263
300,18,981
354,82,2489
279,163,1485
435,534,2079
472,397,1650
687,225,1825
149,82,1298
754,68,1263
150,371,352
124,183,3190
549,397,2848
455,488,433
470,390,586
548,498,3198
767,409,2414
154,224,2273
544,82,551
752,68,529
404,368,595
679,634,3489
496,565,545
321,368,3082
223,68,3252
800,60,68
989,225,268
902,885,134
645,71,1134
632,277,1553
23,579,3264
588,557,3220
7,50,2065
15,430,4045
1,1,1524
507,488,433
867,38,4774
944,68,2031
487,390,605
992,37,149
480,506,3051
81,277,183
737,368,3082
483,666,4581
499,22,174
739,368,3082
927,225,268
892,277,30
548,397,2561
518,82,2489
136,225,268
546,518,1263
693,277,3481
730,581,3273
764,149,105
596,488,433
278,448,1263
633,277,4606
462,658,3579
270,570,1263
694,60,2531
584,225,1263
559,346,1912
40,277,3482
514,390,2064
768,277,21
619,55,4327
815,390,1263
129,397,2838
127,68,1263
991,225,1825
143,163,2525
793,71,2442
526,580,352
171,68,487
120,38,4052
457,38,4331
320,492,2113
258,488,433
830,277,30
36,1,4326
488,518,1263
773,189,4568
657,397,1263
148,82,1298
537,580,352
653,37,149
347,64,3947
857,568,1263
883,68,4034
977,726,194
335,50,1071
688,16,880
561,567,1263
779,536,1263
656,82,1208
131,103,152
978,179,3959
248,82,1298
159,68,1263
451,186,1263
72,538,1555
726,635,3492
85,38,4777
46,186,2403
503,585,3161
67,390,1263
36,55,4773
692,488,433
94,186,1263
549,68,554
48,68,3226
314,397,2478
97,492,409
843,397,2478
883,106,152
747,60,4061
112,390,1263
832,68,3178
873,68,1980
987,82,1298
510,437,4
232,68,1263
24,488,433
858,68,1263
138,488,433
39,38,4053
511,38,4331
517,68,3098
427,217,2603
975,390,587
369,18,981
253,64,3950
846,82,699
266,409,60
219,68,3944
313,225,1263
468,580,352
4,68,1263
947,346,1294
760,68,3257
921,225,1263
67,68,1263
587,541,3204
587,397,2751
256,346,2848
907,68,4362
107,149,105
613,730,3854
959,368,3082
22,488,433
739,225,1263
66,163,1485
383,68,1263
637,103,383
608,371,352
334,68,488
436,82,1298
467,68,1225
137,730,3854
74,548,3187
77,82,1298
328,277,2410
965,68,621
834,390,1263
834,218,2026
768,277,494
427,397,1650
846,68,939
190,514,352
83,225,1263
769,114,735
479,82,1661
324,225,1825
373,38,4331
758,6,3955
357,3,991
711,18,981
367,68,3222
187,487,1914
692,82,1298
601,397,1650
18,869,4560
602,64,3947
941,390,1263
721,397,2561
518,518,1263
707,68,3257
671,488,433
857,488,433
174,488,433
13,82,1298
633,884,2418
76,397,741
987,390,1065
321,68,487
641,277,2410
864,368,595
930,492,409
611,103,152
605,750,3952
803,71,2442
294,60,1468
889,225,1263
591,82,1298
271,1,4046
331,68,4007
852,543,3162
458,277,3482
758,752,4032
468,488,433
171,488,433
120,60,68
740,11,2343
381,368,3082
256,551,1263
205,68,3203
409,548,3187
613,635,3492
260,495,1263
147,68,1263
469,275,4628
612,60,4343
925,368,3082
30,531,584
30,492,409
885,183,3190
918,390,607
851,60,72
501,103,56
759,550,3189
917,55,4771
86,765,1431
327,580,352
166,488,433
752,82,1298
491,488,433
908,68,1263
471,277,63
389,163,42
540,488,433
989,196,3084
167,38,4052
504,82,1298
571,666,653
976,163,2525
797,488,433
689,277,2421
268,71,2444
433,558,3217
313,550,1263
628,495,1263
867,277,300
985,82,1298
572,758,3976
279,765,1431
372,68,2024
693,277,494
174,225,1263
883,378,4038
844,551,1263
676,183,3148
323,924,12
68,183,1263
724,2,2720
931,492,409
248,390,606
584,82,1298
622,492,409
70,225,1825
294,38,4052
156,149,112
326,551,3194
660,68,3279
520,68,2069
249,225,1263
129,585,3219
313,183,3190
313,368,3082
886,492,2113
597,225,268
423,183,614
371,152,1263
106,225,268
992,22,2724
613,277,4281
488,492,409
295,397,2478
894,277,2409
582,397,1504
148,397,2561
148,540,433
781,117,4647
696,225,268
832,225,1230
173,68,3261
673,368,3082
93,50,2065
475,277,4281
685,163,1531
605,6,29
11,225,1825
574,390,606
221,488,433
244,82,1298
768,635,3492
599,1,523
504,397,2751
814,397,2848
783,277,21
976,204,1028
143,37,45
824,183,3190
452,68,1263
932,558,3217
887,43,339
357,374,2253
209,488,433
107,150,4003
482,277,300
18,39,4559
988,68,1263
691,38,4331
443,492,542
663,495,603
729,492,541
428,37,299
667,488,433
351,492,409
633,109,4611
76,397,1263
364,498,3199
322,37,236
299,68,2048
617,152,667
221,82,1298
167,60,4046
492,1,2615
915,565,545
14,68,2073
789,390,1263
741,55,4771
820,50,950
614,346,1504
279,212,2909
94,68,611
379,183,3190
670,545,601
690,68,3257
166,492,409
516,50,4
477,368,3082
410,390,590
933,492,409
956,29,1115
668,225,410
800,38,4331
511,55,4055
511,60,4049
239,397,4622
317,488,1228
647,60,4048
890,492,409
523,554,1263
189,533,1263
628,531,1263
572,34,981
525,568,3235
205,492,410
149,368,3082
539,526,3123
155,488,433
81,38,4774
654,368,3082
382,183,1263
125,82,1298
436,492,409
708,60,4051
32,567,3230
323,38,4775
225,582,3275
292,20,2118
183,277,300
937,225,268
916,68,3686
983,68,1263
218,82,1122
138,526,1263
133,488,433
49,82,1298
378,562,1263
607,397,1650
194,11,2913
514,82,1298
683,481,1298
370,68,1263
821,765,1431
121,492,409
15,55,4329
89,492,2113
177,488,433
313,551,1263
583,55,4055
780,179,3959
782,277,4601
329,55,4770
551,750,3951
525,82,1298
473,82,1298
319,217,2965
295,368,3082
601,217,2606
808,546,3184
247,397,1650
754,526,1263
403,68,589
739,492,2113
502,225,1263
293,55,4327
257,751,2125
652,189,4567
467,488,433
134,225,1263
232,225,1825
270,82,1298
833,218,2044
262,390,1263
2,60,2436
253,2,2720
506,492,409
628,218,2044
823,68,3254
867,277,183
503,368,1263
256,495,1263
367,368,3082
802,390,1263
107,142,1533
178,224,2273
254,225,268
549,397,2838
670,546,2107
548,540,433
691,430,228
293,60,4049
818,368,3082
818,346,987
747,55,4056
982,5,878
604,518,1263
832,495,1263
832,726,194
615,117,4083
917,55,4327
788,71,1134
134,390,4
130,218,2044
656,397,1504
333,56,964
680,277,2409
294,60,4051
986,82,698
797,390,586
55,567,3230
855,154,900
996,436,203
381,498,1263
380,50,1071
482,38,4331
22,526,1263
81,1,4046
318,212,2909
469,890,4627
502,68,589
671,550,3189
708,60,68
118,277,1486
696,368,595
35,18,981
917,55,4346
870,55,4770
390,50,2065
873,225,1952
87,68,1189
829,20,2119
333,171,4454
724,6,2835
809,488,433
714,580,352
533,217,3983
64,530,745
505,1,2618
791,666,653
975,488,433
494,585,3219
619,60,4046
497,534,1263
146,551,1263
99,225,1263
453,82,1298
285,885,4
780,50,4
896,277,4574
36,38,4775
106,551,3194
367,558,3217
831,585,3161
153,872,69
180,68,4646
670,225,1263
721,557,3220
429,68,4361
421,492,2113
421,495,1263
751,225,1263
561,566,1263
229,368,3082
870,55,4056
870,924,71
752,183,1263
364,225,1263
828,346,2848
39,60,4061
511,60,4051
833,495,1263
72,535,1263
522,37,149
294,55,4056
529,492,409
647,55,4327
647,38,4052
660,225,409
798,26,35
846,515,3081
497,186,1263
603,68,3098
243,550,2051
921,538,1263
329,1,4046
289,390,1263
585,189,4
254,82,1298
124,550,2051
48,492,409
314,397,2751
395,568,3237
616,562,3236
918,495,1263
229,82,321
875,492,409
137,163,1485
752,346,1263
349,532,3134
202,121,4
87,217,1263
264,38,4775
679,633,3485
573,68,1263
241,492,410
971,390,586
695,488,433
744,487,1263
433,82,1298
171,495,1263
741,277,4769
498,150,4003
489,550,2051
12,543,681
289,368,3082
361,21,737
311,37,2454
585,873,1383
153,189,4566
247,390,586
18,704,4562
527,540,433
318,765,1435
82,71,1134
411,1,4326
425,68,2103
96,82,2489
653,105,2451
885,492,410
708,38,4053
200,217,1263
651,492,409
197,68,487
404,495,1263
264,1,4326
74,101,3193
668,217,2601
934,390,3268
29,225,1263
930,518,1102
340,882,1016
192,210,1161
529,390,586
117,101,3246
928,730,644
494,68,555
603,492,409
466,68,1263
588,540,433
285,411,4609
489,82,1298
67,368,1263
329,55,4327
289,543,681
860,103,152
967,397,1263
992,372,2428
418,488,433
284,568,2030
488,101,3246
585,874,4569
59,101,3192
204,82,1298
973,634,3487
569,492,413
65,540,1228
304,243,2283
501,7,34
327,390,606
875,488,433
955,390,1263
752,488,433
598,68,3282
829,750,3952
806,68,1263
54,277,1553
138,495,1263
727,55,4770
899,277,4607
833,390,4
965,397,2478
768,163,2525
845,142,1825
407,71,1135
176,103,1496
628,529,1263
780,6,81
381,346,987
212,397,1504
623,18,1263
316,492,541
802,580,352
361,163,1485
73,60,4061
912,68,2053
155,68,2024
81,55,4327
168,224,2273
911,488,433
314,559,1742
65,225,268
76,225,1773
364,346,1910
933,225,1555
130,492,409
235,570,3242
542,106,59
770,50,2065
978,3,4688
694,103,2911
928,277,21
664,411,4610
683,487,2301
814,225,410
783,730,644
852,225,268
606,204,2727
634,495,1263
458,765,1435
120,55,4055
123,518,1263
816,488,433
102,277,671
320,505,1559
967,390,2062
557,488,433
187,345,272
578,488,433
716,225,268
155,82,1298
139,560,1263
721,492,409
443,571,1263
71,277,4602
163,635,3492
891,68,1263
88,492,1263
712,884,2419
604,225,1825
570,163,2525
404,68,554
87,488,433
496,492,409
594,138,1263
724,20,2119
593,225,1263
228,495,1263
978,6,3955
970,765,1435
714,492,409
413,43,339
511,55,4327
199,60,4325
389,34,981
80,579,593
434,368,3082
647,38,3586
369,277,30
157,543,3160
986,492,541
219,378,2539
414,488,433
146,346,1504
932,368,1263
313,68,487
342,68,554
171,225,1230
755,163,1485
423,68,3102
623,277,2412
36,55,4772
711,409,60
946,277,30
73,55,4056
482,38,4052
527,560,3216
750,492,413
885,82,1298
616,564,1263
868,2,148
705,82,1298
486,82,1298
355,225,1263
881,82,1298
651,390,606
350,225,1825
195,495,1263
648,71,127
6,765,1435
278,163,1485
76,397,3213
475,277,3481
636,635,3492
636,765,1435
593,726,194
348,101,914
131,50,1071
978,68,1517
605,752,4033
31,68,1263
803,277,4606
244,68,3282
406,82,1298
360,50,969
277,82,1298
211,492,409
271,38,4052
190,513,2083
99,183,1263
41,68,2072
552,518,1263
171,390,586
780,20,2118
996,437,138
320,217,1263
151,225,268
866,186,1263
482,38,4774
372,488,433
808,492,2113
549,397,2751
119,37,13
767,18,981
411,55,4771
753,121,1351
537,488,1228
208,532,3132
335,37,236
676,390,606
166,82,1298
659,50,1250
138,225,1263
133,492,409
77,492,410
914,488,433
833,492,596
241,397,1650
838,225,409
269,68,2033
632,22,174
129,225,2113
932,225,268
419,585,681
376,68,1263
628,225,1263
780,386,3473
503,390,586
256,225,1230
284,68,2024
482,55,4056
872,540,433
808,225,268
924,82,2489
114,82,1298
122,225,3287
729,488,433
723,283,2090
772,492,409
355,492,409
323,277,300
579,82,2698
158,252,2
345,277,30
684,1,1404
668,488,1228
610,562,544
774,82,1298
239,346,3940
792,565,546
821,287,110
7,488,433
111,251,2383
313,82,1298
151,68,589
879,532,1263
361,37,90
763,217,2608
557,580,352
109,585,3161
613,277,4684
284,82,1298
152,743,4419
527,554,1263
283,390,2064
646,225,1825
203,666,1263
843,554,3206
30,225,1263
293,55,4056
730,82,1298
616,68,3225
562,275,1410
973,277,21
242,492,409
33,37,3476
195,492,410
195,585,681
685,382,2905
656,397,1263
100,60,2434
931,68,487
838,488,433
277,225,1230
664,210,1161
591,68,3098
966,243,883
665,718,4696
503,82,1988
423,581,1263
212,82,1989
142,60,2529
279,382,4282
866,225,1230
672,60,2531
812,488,433
538,368,3082
781,452,2758
325,568,2030
708,55,4327
837,224,2273
579,68,4084
197,390,2062
840,82,1298
699,346,1504
829,6,3955
54,103,56
727,1,4046
978,752,4032
607,397,2751
630,68,589
903,479,1487
923,495,1263
145,183,614
234,345,272
661,390,1263
141,82,1298
867,1,4046
216,437,4
123,82,4092
300,409,2414
958,732,3860
67,183,1263
329,38,4776
675,535,3137
866,346,1984
863,277,2407
